kernel_name,kernel_provider,kernel_operation_mode,metric_name,metric_unit,x_name,x_label,x_value,y_value_50,y_value_20,y_value_80,extra_benchmark_config_str,gpu_name,timestamp,liger_version
rope,huggingface,forward,speed,ms,T,sequence length,1024,0.10118400305509567,0.10033919811248779,0.10165759772062302,"{""model"": ""qwen3_30b_a3b"", ""num_attention_heads"": 32, ""num_key_value_heads"": 4, ""head_dim"": 128, ""dtype"": ""torch.bfloat16""}",NVIDIA B200,2026-08-21 00:13:30,0.8.2
rope,huggingface,forward,speed,ms,T,sequence length,2048,0.15769599378108978,0.15662719309329987,0.15772800147533417,"{""model"": ""qwen3_30b_a3b"", ""num_attention_heads"": 32, ""num_key_value_heads"": 4, ""head_dim"": 128, ""dtype"": ""torch.bfloat16""}",NVIDIA B200,2026-08-21 00:13:30,0.8.2
rope,huggingface,forward,speed,ms,T,sequence length,4096,0.2805759906768799,0.2795200049877167,0.2807680070400238,"{""model"": ""qwen3_30b_a3b"", ""num_attention_heads"": 32, ""num_key_value_heads"": 4, ""head_dim"": 128, ""dtype"": ""torch.bfloat16""}",NVIDIA B200,2026-08-21 00:13:30,0.8.2
rope,huggingface,forward,speed,ms,T,sequence length,8192,0.5438079833984375,0.543615996837616,0.5455743789672852,"{""model"": ""qwen3_30b_a3b"", ""num_attention_heads"": 32, ""num_key_value_heads"": 4, ""head_dim"": 128, ""dtype"": ""torch.bfloat16""}",NVIDIA B200,2026-08-21 00:13:30,0.8.2
rope,triton,forward,speed,ms,T,sequence length,1024,0.010239999741315842,0.010111999697983265,0.01027199998497963,"{""model"": ""qwen3_30b_a3b"", ""num_attention_heads"": 32, ""num_key_value_heads"": 4, ""head_dim"": 128, ""dtype"": ""torch.bfloat16""}",NVIDIA B200,2026-08-21 00:13:30,0.8.2
rope,triton,forward,speed,ms,T,sequence length,2048,0.01228800043463707,0.012223999947309494,0.01235199999064207,"{""model"": ""qwen3_30b_a3b"", ""num_attention_heads"": 32, ""num_key_value_heads"": 4, ""head_dim"": 128, ""dtype"": ""torch.bfloat16""}",NVIDIA B200,2026-08-21 00:13:30,0.8.2
rope,triton,forward,speed,ms,T,sequence length,4096,0.018464000895619392,0.018400000408291817,0.01849599927663803,"{""model"": ""qwen3_30b_a3b"", ""num_attention_heads"": 32, ""num_key_value_heads"": 4, ""head_dim"": 128, ""dtype"": ""torch.bfloat16""}",NVIDIA B200,2026-08-21 00:13:30,0.8.2
rope,triton,forward,speed,ms,T,sequence length,8192,0.028896000236272812,0.028672000393271446,0.030751999467611313,"{""model"": ""qwen3_30b_a3b"", ""num_attention_heads"": 32, ""num_key_value_heads"": 4, ""head_dim"": 128, ""dtype"": ""torch.bfloat16""}",NVIDIA B200,2026-08-21 00:13:30,0.8.2
rope,cutile,forward,speed,ms,T,sequence length,1024,0.008287999778985977,0.0081599997356534,0.01017600018531084,"{""model"": ""qwen3_30b_a3b"", ""num_attention_heads"": 32, ""num_key_value_heads"": 4, ""head_dim"": 128, ""dtype"": ""torch.bfloat16""}",NVIDIA B200,2026-08-21 00:13:31,0.8.2
rope,cutile,forward,speed,ms,T,sequence length,2048,0.01228800043463707,0.012256000190973282,0.012371200136840343,"{""model"": ""qwen3_30b_a3b"", ""num_attention_heads"": 32, ""num_key_value_heads"": 4, ""head_dim"": 128, ""dtype"": ""torch.bfloat16""}",NVIDIA B200,2026-08-21 00:13:31,0.8.2
rope,cutile,forward,speed,ms,T,sequence length,4096,0.018464000895619392,0.018432000651955605,0.01849599927663803,"{""model"": ""qwen3_30b_a3b"", ""num_attention_heads"": 32, ""num_key_value_heads"": 4, ""head_dim"": 128, ""dtype"": ""torch.bfloat16""}",NVIDIA B200,2026-08-21 00:13:31,0.8.2
rope,cutile,forward,speed,ms,T,sequence length,8192,0.028672000393271446,0.02864000014960766,0.02876799926161766,"{""model"": ""qwen3_30b_a3b"", ""num_attention_heads"": 32, ""num_key_value_heads"": 4, ""head_dim"": 128, ""dtype"": ""torch.bfloat16""}",NVIDIA B200,2026-08-21 00:13:31,0.8.2
rope,cutedsl,forward,speed,ms,T,sequence length,1024,0.010239999741315842,0.010208000428974628,0.010304000228643417,"{""model"": ""qwen3_30b_a3b"", ""num_attention_heads"": 32, ""num_key_value_heads"": 4, ""head_dim"": 128, ""dtype"": ""torch.bfloat16""}",NVIDIA B200,2026-08-21 00:13:32,0.8.2
rope,cutedsl,forward,speed,ms,T,sequence length,2048,0.01228800043463707,0.012191999703645706,0.012384000234305859,"{""model"": ""qwen3_30b_a3b"", ""num_attention_heads"": 32, ""num_key_value_heads"": 4, ""head_dim"": 128, ""dtype"": ""torch.bfloat16""}",NVIDIA B200,2026-08-21 00:13:32,0.8.2
rope,cutedsl,forward,speed,ms,T,sequence length,4096,0.018464000895619392,0.018400000408291817,0.01852799952030182,"{""model"": ""qwen3_30b_a3b"", ""num_attention_heads"": 32, ""num_key_value_heads"": 4, ""head_dim"": 128, ""dtype"": ""torch.bfloat16""}",NVIDIA B200,2026-08-21 00:13:32,0.8.2
rope,cutedsl,forward,speed,ms,T,sequence length,8192,0.028704000636935234,0.02864000014960766,0.030527999624609947,"{""model"": ""qwen3_30b_a3b"", ""num_attention_heads"": 32, ""num_key_value_heads"": 4, ""head_dim"": 128, ""dtype"": ""torch.bfloat16""}",NVIDIA B200,2026-08-21 00:13:32,0.8.2
rope,huggingface,backward,speed,ms,T,sequence length,1024,0.09721600264310837,0.09625600278377533,0.09830400347709656,"{""model"": ""qwen3_30b_a3b"", ""num_attention_heads"": 32, ""num_key_value_heads"": 4, ""head_dim"": 128, ""dtype"": ""torch.bfloat16""}",NVIDIA B200,2026-08-21 00:13:32,0.8.2
rope,huggingface,backward,speed,ms,T,sequence length,2048,0.1536320000886917,0.15175040066242218,0.15465599298477173,"{""model"": ""qwen3_30b_a3b"", ""num_attention_heads"": 32, ""num_key_value_heads"": 4, ""head_dim"": 128, ""dtype"": ""torch.bfloat16""}",NVIDIA B200,2026-08-21 00:13:32,0.8.2
rope,huggingface,backward,speed,ms,T,sequence length,4096,0.28060799837112427,0.2805120050907135,0.2815999984741211,"{""model"": ""qwen3_30b_a3b"", ""num_attention_heads"": 32, ""num_key_value_heads"": 4, ""head_dim"": 128, ""dtype"": ""torch.bfloat16""}",NVIDIA B200,2026-08-21 00:13:32,0.8.2
rope,huggingface,backward,speed,ms,T,sequence length,8192,0.5477759838104248,0.5457855820655823,0.548147177696228,"{""model"": ""qwen3_30b_a3b"", ""num_attention_heads"": 32, ""num_key_value_heads"": 4, ""head_dim"": 128, ""dtype"": ""torch.bfloat16""}",NVIDIA B200,2026-08-21 00:13:32,0.8.2
rope,triton,backward,speed,ms,T,sequence length,1024,0.05555199831724167,0.05475199967622757,0.05689600110054016,"{""model"": ""qwen3_30b_a3b"", ""num_attention_heads"": 32, ""num_key_value_heads"": 4, ""head_dim"": 128, ""dtype"": ""torch.bfloat16""}",NVIDIA B200,2026-08-21 00:13:32,0.8.2
rope,triton,backward,speed,ms,T,sequence length,2048,0.05604799836874008,0.05503999814391136,0.05709439888596535,"{""model"": ""qwen3_30b_a3b"", ""num_attention_heads"": 32, ""num_key_value_heads"": 4, ""head_dim"": 128, ""dtype"": ""torch.bfloat16""}",NVIDIA B200,2026-08-21 00:13:32,0.8.2
rope,triton,backward,speed,ms,T,sequence length,4096,0.05612799897789955,0.05544320121407509,0.05681280046701431,"{""model"": ""qwen3_30b_a3b"", ""num_attention_heads"": 32, ""num_key_value_heads"": 4, ""head_dim"": 128, ""dtype"": ""torch.bfloat16""}",NVIDIA B200,2026-08-21 00:13:32,0.8.2
rope,triton,backward,speed,ms,T,sequence length,8192,0.06960000097751617,0.06842239946126938,0.06966400146484375,"{""model"": ""qwen3_30b_a3b"", ""num_attention_heads"": 32, ""num_key_value_heads"": 4, ""head_dim"": 128, ""dtype"": ""torch.bfloat16""}",NVIDIA B200,2026-08-21 00:13:32,0.8.2
rope,cutile,backward,speed,ms,T,sequence length,1024,0.04838399961590767,0.04761600121855736,0.04917760118842125,"{""model"": ""qwen3_30b_a3b"", ""num_attention_heads"": 32, ""num_key_value_heads"": 4, ""head_dim"": 128, ""dtype"": ""torch.bfloat16""}",NVIDIA B200,2026-08-21 00:13:33,0.8.2
rope,cutile,backward,speed,ms,T,sequence length,2048,0.0469760000705719,0.04569600149989128,0.04806400090456009,"{""model"": ""qwen3_30b_a3b"", ""num_attention_heads"": 32, ""num_key_value_heads"": 4, ""head_dim"": 128, ""dtype"": ""torch.bfloat16""}",NVIDIA B200,2026-08-21 00:13:33,0.8.2
rope,cutile,backward,speed,ms,T,sequence length,4096,0.04809600114822388,0.04728959873318672,0.04915200099349022,"{""model"": ""qwen3_30b_a3b"", ""num_attention_heads"": 32, ""num_key_value_heads"": 4, ""head_dim"": 128, ""dtype"": ""torch.bfloat16""}",NVIDIA B200,2026-08-21 00:13:33,0.8.2
rope,cutile,backward,speed,ms,T,sequence length,8192,0.06771200150251389,0.06656640022993088,0.06963200122117996,"{""model"": ""qwen3_30b_a3b"", ""num_attention_heads"": 32, ""num_key_value_heads"": 4, ""head_dim"": 128, ""dtype"": ""torch.bfloat16""}",NVIDIA B200,2026-08-21 00:13:33,0.8.2
rope,cutedsl,backward,speed,ms,T,sequence length,1024,0.0756480023264885,0.07462400197982788,0.07713279873132706,"{""model"": ""qwen3_30b_a3b"", ""num_attention_heads"": 32, ""num_key_value_heads"": 4, ""head_dim"": 128, ""dtype"": ""torch.bfloat16""}",NVIDIA B200,2026-08-21 00:13:34,0.8.2
rope,cutedsl,backward,speed,ms,T,sequence length,2048,0.0745600014925003,0.07296639680862427,0.07626239955425262,"{""model"": ""qwen3_30b_a3b"", ""num_attention_heads"": 32, ""num_key_value_heads"": 4, ""head_dim"": 128, ""dtype"": ""torch.bfloat16""}",NVIDIA B200,2026-08-21 00:13:34,0.8.2
rope,cutedsl,backward,speed,ms,T,sequence length,4096,0.07519999891519547,0.07438720017671585,0.07628799974918365,"{""model"": ""qwen3_30b_a3b"", ""num_attention_heads"": 32, ""num_key_value_heads"": 4, ""head_dim"": 128, ""dtype"": ""torch.bfloat16""}",NVIDIA B200,2026-08-21 00:13:34,0.8.2
rope,cutedsl,backward,speed,ms,T,sequence length,8192,0.0791039988398552,0.07680000364780426,0.08090239763259888,"{""model"": ""qwen3_30b_a3b"", ""num_attention_heads"": 32, ""num_key_value_heads"": 4, ""head_dim"": 128, ""dtype"": ""torch.bfloat16""}",NVIDIA B200,2026-08-21 00:13:34,0.8.2
rope,huggingface,full,speed,ms,T,sequence length,1024,0.2059839963912964,0.20483200252056122,0.2070208042860031,"{""model"": ""qwen3_30b_a3b"", ""num_attention_heads"": 32, ""num_key_value_heads"": 4, ""head_dim"": 128, ""dtype"": ""torch.bfloat16""}",NVIDIA B200,2026-08-21 00:13:34,0.8.2
rope,huggingface,full,speed,ms,T,sequence length,2048,0.3255999982357025,0.3235839903354645,0.3257152020931244,"{""model"": ""qwen3_30b_a3b"", ""num_attention_heads"": 32, ""num_key_value_heads"": 4, ""head_dim"": 128, ""dtype"": ""torch.bfloat16""}",NVIDIA B200,2026-08-21 00:13:34,0.8.2
rope,huggingface,full,speed,ms,T,sequence length,4096,0.5865920186042786,0.5857599973678589,0.5879744052886963,"{""model"": ""qwen3_30b_a3b"", ""num_attention_heads"": 32, ""num_key_value_heads"": 4, ""head_dim"": 128, ""dtype"": ""torch.bfloat16""}",NVIDIA B200,2026-08-21 00:13:34,0.8.2
rope,huggingface,full,speed,ms,T,sequence length,8192,1.151583969593048,1.150432014465332,1.1526528120040893,"{""model"": ""qwen3_30b_a3b"", ""num_attention_heads"": 32, ""num_key_value_heads"": 4, ""head_dim"": 128, ""dtype"": ""torch.bfloat16""}",NVIDIA B200,2026-08-21 00:13:34,0.8.2
rope,triton,full,speed,ms,T,sequence length,1024,0.12723200023174286,0.1255359947681427,0.1312000036239624,"{""model"": ""qwen3_30b_a3b"", ""num_attention_heads"": 32, ""num_key_value_heads"": 4, ""head_dim"": 128, ""dtype"": ""torch.bfloat16""}",NVIDIA B200,2026-08-21 00:13:34,0.8.2
rope,triton,full,speed,ms,T,sequence length,2048,0.12537600100040436,0.12362880259752274,0.12810880243778228,"{""model"": ""qwen3_30b_a3b"", ""num_attention_heads"": 32, ""num_key_value_heads"": 4, ""head_dim"": 128, ""dtype"": ""torch.bfloat16""}",NVIDIA B200,2026-08-21 00:13:34,0.8.2
rope,triton,full,speed,ms,T,sequence length,4096,0.1250240057706833,0.12343040108680725,0.12606080174446105,"{""model"": ""qwen3_30b_a3b"", ""num_attention_heads"": 32, ""num_key_value_heads"": 4, ""head_dim"": 128, ""dtype"": ""torch.bfloat16""}",NVIDIA B200,2026-08-21 00:13:34,0.8.2
rope,triton,full,speed,ms,T,sequence length,8192,0.16886399686336517,0.1679423987865448,0.17001600563526154,"{""model"": ""qwen3_30b_a3b"", ""num_attention_heads"": 32, ""num_key_value_heads"": 4, ""head_dim"": 128, ""dtype"": ""torch.bfloat16""}",NVIDIA B200,2026-08-21 00:13:34,0.8.2
rope,cutile,full,speed,ms,T,sequence length,1024,0.08246400207281113,0.08147840201854706,0.08419840037822723,"{""model"": ""qwen3_30b_a3b"", ""num_attention_heads"": 32, ""num_key_value_heads"": 4, ""head_dim"": 128, ""dtype"": ""torch.bfloat16""}",NVIDIA B200,2026-08-21 00:13:34,0.8.2
rope,cutile,full,speed,ms,T,sequence length,2048,0.08256000280380249,0.08145920187234879,0.08395519852638245,"{""model"": ""qwen3_30b_a3b"", ""num_attention_heads"": 32, ""num_key_value_heads"": 4, ""head_dim"": 128, ""dtype"": ""torch.bfloat16""}",NVIDIA B200,2026-08-21 00:13:34,0.8.2
rope,cutile,full,speed,ms,T,sequence length,4096,0.09411200135946274,0.0931520015001297,0.09421440213918686,"{""model"": ""qwen3_30b_a3b"", ""num_attention_heads"": 32, ""num_key_value_heads"": 4, ""head_dim"": 128, ""dtype"": ""torch.bfloat16""}",NVIDIA B200,2026-08-21 00:13:34,0.8.2
rope,cutile,full,speed,ms,T,sequence length,8192,0.1719679981470108,0.16986239850521087,0.17219839990139008,"{""model"": ""qwen3_30b_a3b"", ""num_attention_heads"": 32, ""num_key_value_heads"": 4, ""head_dim"": 128, ""dtype"": ""torch.bfloat16""}",NVIDIA B200,2026-08-21 00:13:34,0.8.2
rope,cutedsl,full,speed,ms,T,sequence length,1024,0.1576319932937622,0.15641599893569946,0.16070400178432465,"{""model"": ""qwen3_30b_a3b"", ""num_attention_heads"": 32, ""num_key_value_heads"": 4, ""head_dim"": 128, ""dtype"": ""torch.bfloat16""}",NVIDIA B200,2026-08-21 00:13:34,0.8.2
rope,cutedsl,full,speed,ms,T,sequence length,2048,0.16140800714492798,0.15966719985008238,0.16389120221138,"{""model"": ""qwen3_30b_a3b"", ""num_attention_heads"": 32, ""num_key_value_heads"": 4, ""head_dim"": 128, ""dtype"": ""torch.bfloat16""}",NVIDIA B200,2026-08-21 00:13:34,0.8.2
rope,cutedsl,full,speed,ms,T,sequence length,4096,0.15743999928236008,0.15507839620113373,0.16006399989128112,"{""model"": ""qwen3_30b_a3b"", ""num_attention_heads"": 32, ""num_key_value_heads"": 4, ""head_dim"": 128, ""dtype"": ""torch.bfloat16""}",NVIDIA B200,2026-08-21 00:13:34,0.8.2
rope,cutedsl,full,speed,ms,T,sequence length,8192,0.17288000136613846,0.1719679981470108,0.1730560064315796,"{""model"": ""qwen3_30b_a3b"", ""num_attention_heads"": 32, ""num_key_value_heads"": 4, ""head_dim"": 128, ""dtype"": ""torch.bfloat16""}",NVIDIA B200,2026-08-21 00:13:34,0.8.2
rope,huggingface,forward,speed,ms,T,sequence length,1024,0.1085439994931221,0.10755199939012527,0.10857599973678589,"{""model"": ""mixtral_8x7b"", ""num_attention_heads"": 32, ""num_key_value_heads"": 8, ""head_dim"": 128, ""dtype"": ""torch.bfloat16""}",NVIDIA B200,2026-08-21 00:13:34,0.8.2
rope,huggingface,forward,speed,ms,T,sequence length,2048,0.17203199863433838,0.17082880437374115,0.17208960056304934,"{""model"": ""mixtral_8x7b"", ""num_attention_heads"": 32, ""num_key_value_heads"": 8, ""head_dim"": 128, ""dtype"": ""torch.bfloat16""}",NVIDIA B200,2026-08-21 00:13:34,0.8.2
rope,huggingface,forward,speed,ms,T,sequence length,4096,0.30508801341056824,0.3031231999397278,0.30668799877166747,"{""model"": ""mixtral_8x7b"", ""num_attention_heads"": 32, ""num_key_value_heads"": 8, ""head_dim"": 128, ""dtype"": ""torch.bfloat16""}",NVIDIA B200,2026-08-21 00:13:34,0.8.2
rope,huggingface,forward,speed,ms,T,sequence length,8192,0.5939840078353882,0.5937023878097534,0.5952000141143798,"{""model"": ""mixtral_8x7b"", ""num_attention_heads"": 32, ""num_key_value_heads"": 8, ""head_dim"": 128, ""dtype"": ""torch.bfloat16""}",NVIDIA B200,2026-08-21 00:13:34,0.8.2
rope,triton,forward,speed,ms,T,sequence length,1024,0.010239999741315842,0.010143999941647053,0.010284800082445145,"{""model"": ""mixtral_8x7b"", ""num_attention_heads"": 32, ""num_key_value_heads"": 8, ""head_dim"": 128, ""dtype"": ""torch.bfloat16""}",NVIDIA B200,2026-08-21 00:13:34,0.8.2
rope,triton,forward,speed,ms,T,sequence length,2048,0.01228800043463707,0.012223999947309494,0.012384000234305859,"{""model"": ""mixtral_8x7b"", ""num_attention_heads"": 32, ""num_key_value_heads"": 8, ""head_dim"": 128, ""dtype"": ""torch.bfloat16""}",NVIDIA B200,2026-08-21 00:13:34,0.8.2
rope,triton,forward,speed,ms,T,sequence length,4096,0.020479999482631683,0.018464000895619392,0.02051199972629547,"{""model"": ""mixtral_8x7b"", ""num_attention_heads"": 32, ""num_key_value_heads"": 8, ""head_dim"": 128, ""dtype"": ""torch.bfloat16""}",NVIDIA B200,2026-08-21 00:13:34,0.8.2
rope,triton,forward,speed,ms,T,sequence length,8192,0.03280000016093254,0.03261439874768257,0.03285760059952736,"{""model"": ""mixtral_8x7b"", ""num_attention_heads"": 32, ""num_key_value_heads"": 8, ""head_dim"": 128, ""dtype"": ""torch.bfloat16""}",NVIDIA B200,2026-08-21 00:13:34,0.8.2
rope,cutile,forward,speed,ms,T,sequence length,1024,0.010239999741315842,0.010048000141978264,0.01027199998497963,"{""model"": ""mixtral_8x7b"", ""num_attention_heads"": 32, ""num_key_value_heads"": 8, ""head_dim"": 128, ""dtype"": ""torch.bfloat16""}",NVIDIA B200,2026-08-21 00:13:35,0.8.2
rope,cutile,forward,speed,ms,T,sequence length,2048,0.01228800043463707,0.012191999703645706,0.01235199999064207,"{""model"": ""mixtral_8x7b"", ""num_attention_heads"": 32, ""num_key_value_heads"": 8, ""head_dim"": 128, ""dtype"": ""torch.bfloat16""}",NVIDIA B200,2026-08-21 00:13:35,0.8.2
rope,cutile,forward,speed,ms,T,sequence length,4096,0.018432000651955605,0.018400000408291817,0.01849599927663803,"{""model"": ""mixtral_8x7b"", ""num_attention_heads"": 32, ""num_key_value_heads"": 8, ""head_dim"": 128, ""dtype"": ""torch.bfloat16""}",NVIDIA B200,2026-08-21 00:13:35,0.8.2
rope,cutile,forward,speed,ms,T,sequence length,8192,0.030751999467611313,0.030688000842928886,0.030899200588464737,"{""model"": ""mixtral_8x7b"", ""num_attention_heads"": 32, ""num_key_value_heads"": 8, ""head_dim"": 128, ""dtype"": ""torch.bfloat16""}",NVIDIA B200,2026-08-21 00:13:35,0.8.2
rope,cutedsl,forward,speed,ms,T,sequence length,1024,0.010239999741315842,0.010208000428974628,0.010304000228643417,"{""model"": ""mixtral_8x7b"", ""num_attention_heads"": 32, ""num_key_value_heads"": 8, ""head_dim"": 128, ""dtype"": ""torch.bfloat16""}",NVIDIA B200,2026-08-21 00:13:36,0.8.2
rope,cutedsl,forward,speed,ms,T,sequence length,2048,0.01228800043463707,0.012256000190973282,0.012415999546647072,"{""model"": ""mixtral_8x7b"", ""num_attention_heads"": 32, ""num_key_value_heads"": 8, ""head_dim"": 128, ""dtype"": ""torch.bfloat16""}",NVIDIA B200,2026-08-21 00:13:36,0.8.2
rope,cutedsl,forward,speed,ms,T,sequence length,4096,0.01849599927663803,0.018432000651955605,0.02051199972629547,"{""model"": ""mixtral_8x7b"", ""num_attention_heads"": 32, ""num_key_value_heads"": 8, ""head_dim"": 128, ""dtype"": ""torch.bfloat16""}",NVIDIA B200,2026-08-21 00:13:36,0.8.2
rope,cutedsl,forward,speed,ms,T,sequence length,8192,0.03270399942994118,0.030751999467611313,0.032819200307130814,"{""model"": ""mixtral_8x7b"", ""num_attention_heads"": 32, ""num_key_value_heads"": 8, ""head_dim"": 128, ""dtype"": ""torch.bfloat16""}",NVIDIA B200,2026-08-21 00:13:36,0.8.2
rope,huggingface,backward,speed,ms,T,sequence length,1024,0.09718400239944458,0.09622400254011154,0.09830400347709656,"{""model"": ""mixtral_8x7b"", ""num_attention_heads"": 32, ""num_key_value_heads"": 8, ""head_dim"": 128, ""dtype"": ""torch.bfloat16""}",NVIDIA B200,2026-08-21 00:13:36,0.8.2
rope,huggingface,backward,speed,ms,T,sequence length,2048,0.15460800379514694,0.1536320000886917,0.15568000078201294,"{""model"": ""mixtral_8x7b"", ""num_attention_heads"": 32, ""num_key_value_heads"": 8, ""head_dim"": 128, ""dtype"": ""torch.bfloat16""}",NVIDIA B200,2026-08-21 00:13:36,0.8.2
rope,huggingface,backward,speed,ms,T,sequence length,4096,0.28060799837112427,0.2805759906768799,0.2816320061683655,"{""model"": ""mixtral_8x7b"", ""num_attention_heads"": 32, ""num_key_value_heads"": 8, ""head_dim"": 128, ""dtype"": ""torch.bfloat16""}",NVIDIA B200,2026-08-21 00:13:36,0.8.2
rope,huggingface,backward,speed,ms,T,sequence length,8192,0.5469440221786499,0.5458623886108399,0.5488576054573059,"{""model"": ""mixtral_8x7b"", ""num_attention_heads"": 32, ""num_key_value_heads"": 8, ""head_dim"": 128, ""dtype"": ""torch.bfloat16""}",NVIDIA B200,2026-08-21 00:13:36,0.8.2
rope,triton,backward,speed,ms,T,sequence length,1024,0.05593600124120712,0.05477119982242584,0.05676799938082695,"{""model"": ""mixtral_8x7b"", ""num_attention_heads"": 32, ""num_key_value_heads"": 8, ""head_dim"": 128, ""dtype"": ""torch.bfloat16""}",NVIDIA B200,2026-08-21 00:13:36,0.8.2
rope,triton,backward,speed,ms,T,sequence length,2048,0.05511999875307083,0.05413759872317314,0.05610239878296852,"{""model"": ""mixtral_8x7b"", ""num_attention_heads"": 32, ""num_key_value_heads"": 8, ""head_dim"": 128, ""dtype"": ""torch.bfloat16""}",NVIDIA B200,2026-08-21 00:13:36,0.8.2
rope,triton,backward,speed,ms,T,sequence length,4096,0.05619199946522713,0.05539200082421303,0.056940801441669464,"{""model"": ""mixtral_8x7b"", ""num_attention_heads"": 32, ""num_key_value_heads"": 8, ""head_dim"": 128, ""dtype"": ""torch.bfloat16""}",NVIDIA B200,2026-08-21 00:13:36,0.8.2
rope,triton,backward,speed,ms,T,sequence length,8192,0.08799999952316284,0.0861952006816864,0.088128000497818,"{""model"": ""mixtral_8x7b"", ""num_attention_heads"": 32, ""num_key_value_heads"": 8, ""head_dim"": 128, ""dtype"": ""torch.bfloat16""}",NVIDIA B200,2026-08-21 00:13:36,0.8.2
rope,cutile,backward,speed,ms,T,sequence length,1024,0.04639999940991402,0.04542719945311546,0.04721280038356781,"{""model"": ""mixtral_8x7b"", ""num_attention_heads"": 32, ""num_key_value_heads"": 8, ""head_dim"": 128, ""dtype"": ""torch.bfloat16""}",NVIDIA B200,2026-08-21 00:13:36,0.8.2
rope,cutile,backward,speed,ms,T,sequence length,2048,0.04729599878191948,0.04633599892258644,0.048448000103235245,"{""model"": ""mixtral_8x7b"", ""num_attention_heads"": 32, ""num_key_value_heads"": 8, ""head_dim"": 128, ""dtype"": ""torch.bfloat16""}",NVIDIA B200,2026-08-21 00:13:36,0.8.2
rope,cutile,backward,speed,ms,T,sequence length,4096,0.04995200037956238,0.04821759834885597,0.05025919899344444,"{""model"": ""mixtral_8x7b"", ""num_attention_heads"": 32, ""num_key_value_heads"": 8, ""head_dim"": 128, ""dtype"": ""torch.bfloat16""}",NVIDIA B200,2026-08-21 00:13:36,0.8.2
rope,cutile,backward,speed,ms,T,sequence length,8192,0.08791999891400337,0.08601599931716919,0.0880960002541542,"{""model"": ""mixtral_8x7b"", ""num_attention_heads"": 32, ""num_key_value_heads"": 8, ""head_dim"": 128, ""dtype"": ""torch.bfloat16""}",NVIDIA B200,2026-08-21 00:13:36,0.8.2
rope,cutedsl,backward,speed,ms,T,sequence length,1024,0.0751039981842041,0.0738752007484436,0.0763712003827095,"{""model"": ""mixtral_8x7b"", ""num_attention_heads"": 32, ""num_key_value_heads"": 8, ""head_dim"": 128, ""dtype"": ""torch.bfloat16""}",NVIDIA B200,2026-08-21 00:13:37,0.8.2
rope,cutedsl,backward,speed,ms,T,sequence length,2048,0.07513599842786789,0.07372160255908966,0.07626879960298538,"{""model"": ""mixtral_8x7b"", ""num_attention_heads"": 32, ""num_key_value_heads"": 8, ""head_dim"": 128, ""dtype"": ""torch.bfloat16""}",NVIDIA B200,2026-08-21 00:13:37,0.8.2
rope,cutedsl,backward,speed,ms,T,sequence length,4096,0.07494399696588516,0.07366400212049484,0.07628799974918365,"{""model"": ""mixtral_8x7b"", ""num_attention_heads"": 32, ""num_key_value_heads"": 8, ""head_dim"": 128, ""dtype"": ""torch.bfloat16""}",NVIDIA B200,2026-08-21 00:13:37,0.8.2
rope,cutedsl,backward,speed,ms,T,sequence length,8192,0.08912000060081482,0.08894719928503036,0.09011200070381165,"{""model"": ""mixtral_8x7b"", ""num_attention_heads"": 32, ""num_key_value_heads"": 8, ""head_dim"": 128, ""dtype"": ""torch.bfloat16""}",NVIDIA B200,2026-08-21 00:13:37,0.8.2
rope,huggingface,full,speed,ms,T,sequence length,1024,0.21395200490951538,0.21254400014877317,0.21503999829292297,"{""model"": ""mixtral_8x7b"", ""num_attention_heads"": 32, ""num_key_value_heads"": 8, ""head_dim"": 128, ""dtype"": ""torch.bfloat16""}",NVIDIA B200,2026-08-21 00:13:37,0.8.2
rope,huggingface,full,speed,ms,T,sequence length,2048,0.33793599903583527,0.33590400218963623,0.3381119966506958,"{""model"": ""mixtral_8x7b"", ""num_attention_heads"": 32, ""num_key_value_heads"": 8, ""head_dim"": 128, ""dtype"": ""torch.bfloat16""}",NVIDIA B200,2026-08-21 00:13:37,0.8.2
rope,huggingface,full,speed,ms,T,sequence length,4096,0.612384021282196,0.6104319810867309,0.6143744230270386,"{""model"": ""mixtral_8x7b"", ""num_attention_heads"": 32, ""num_key_value_heads"": 8, ""head_dim"": 128, ""dtype"": ""torch.bfloat16""}",NVIDIA B200,2026-08-21 00:13:37,0.8.2
rope,huggingface,full,speed,ms,T,sequence length,8192,1.201312005519867,1.199833631515503,1.2027712345123291,"{""model"": ""mixtral_8x7b"", ""num_attention_heads"": 32, ""num_key_value_heads"": 8, ""head_dim"": 128, ""dtype"": ""torch.bfloat16""}",NVIDIA B200,2026-08-21 00:13:37,0.8.2
rope,triton,full,speed,ms,T,sequence length,1024,0.12665599584579468,0.1252480000257492,0.13011200726032257,"{""model"": ""mixtral_8x7b"", ""num_attention_heads"": 32, ""num_key_value_heads"": 8, ""head_dim"": 128, ""dtype"": ""torch.bfloat16""}",NVIDIA B200,2026-08-21 00:13:37,0.8.2
rope,triton,full,speed,ms,T,sequence length,2048,0.12638399749994278,0.12435200065374374,0.12725119590759276,"{""model"": ""mixtral_8x7b"", ""num_attention_heads"": 32, ""num_key_value_heads"": 8, ""head_dim"": 128, ""dtype"": ""torch.bfloat16""}",NVIDIA B200,2026-08-21 00:13:37,0.8.2
rope,triton,full,speed,ms,T,sequence length,4096,0.1252799928188324,0.12394239753484726,0.12830080091953278,"{""model"": ""mixtral_8x7b"", ""num_attention_heads"": 32, ""num_key_value_heads"": 8, ""head_dim"": 128, ""dtype"": ""torch.bfloat16""}",NVIDIA B200,2026-08-21 00:13:37,0.8.2
rope,triton,full,speed,ms,T,sequence length,8192,0.1945279985666275,0.19356800019741058,0.19535360038280486,"{""model"": ""mixtral_8x7b"", ""num_attention_heads"": 32, ""num_key_value_heads"": 8, ""head_dim"": 128, ""dtype"": ""torch.bfloat16""}",NVIDIA B200,2026-08-21 00:13:37,0.8.2
rope,cutile,full,speed,ms,T,sequence length,1024,0.08300799876451492,0.08209919929504395,0.08390399813652039,"{""model"": ""mixtral_8x7b"", ""num_attention_heads"": 32, ""num_key_value_heads"": 8, ""head_dim"": 128, ""dtype"": ""torch.bfloat16""}",NVIDIA B200,2026-08-21 00:13:37,0.8.2
rope,cutile,full,speed,ms,T,sequence length,2048,0.08324800059199333,0.08222080022096634,0.08470399677753448,"{""model"": ""mixtral_8x7b"", ""num_attention_heads"": 32, ""num_key_value_heads"": 8, ""head_dim"": 128, ""dtype"": ""torch.bfloat16""}",NVIDIA B200,2026-08-21 00:13:37,0.8.2
rope,cutile,full,speed,ms,T,sequence length,4096,0.10121600329875946,0.10041599720716476,0.10252799838781357,"{""model"": ""mixtral_8x7b"", ""num_attention_heads"": 32, ""num_key_value_heads"": 8, ""head_dim"": 128, ""dtype"": ""torch.bfloat16""}",NVIDIA B200,2026-08-21 00:13:37,0.8.2
rope,cutile,full,speed,ms,T,sequence length,8192,0.1924159973859787,0.19046400487422943,0.19269120395183564,"{""model"": ""mixtral_8x7b"", ""num_attention_heads"": 32, ""num_key_value_heads"": 8, ""head_dim"": 128, ""dtype"": ""torch.bfloat16""}",NVIDIA B200,2026-08-21 00:13:37,0.8.2
rope,cutedsl,full,speed,ms,T,sequence length,1024,0.1589760035276413,0.15712639689445496,0.16096639931201934,"{""model"": ""mixtral_8x7b"", ""num_attention_heads"": 32, ""num_key_value_heads"": 8, ""head_dim"": 128, ""dtype"": ""torch.bfloat16""}",NVIDIA B200,2026-08-21 00:13:37,0.8.2
rope,cutedsl,full,speed,ms,T,sequence length,2048,0.15756800025701523,0.15580159425735474,0.1595519959926605,"{""model"": ""mixtral_8x7b"", ""num_attention_heads"": 32, ""num_key_value_heads"": 8, ""head_dim"": 128, ""dtype"": ""torch.bfloat16""}",NVIDIA B200,2026-08-21 00:13:37,0.8.2
rope,cutedsl,full,speed,ms,T,sequence length,4096,0.15808000415563583,0.15634560585021973,0.16008320450782776,"{""model"": ""mixtral_8x7b"", ""num_attention_heads"": 32, ""num_key_value_heads"": 8, ""head_dim"": 128, ""dtype"": ""torch.bfloat16""}",NVIDIA B200,2026-08-21 00:13:37,0.8.2
rope,cutedsl,full,speed,ms,T,sequence length,8192,0.1945280060172081,0.1928320050239563,0.19557760059833526,"{""model"": ""mixtral_8x7b"", ""num_attention_heads"": 32, ""num_key_value_heads"": 8, ""head_dim"": 128, ""dtype"": ""torch.bfloat16""}",NVIDIA B200,2026-08-21 00:13:37,0.8.2
rope,huggingface,forward,speed,ms,T,sequence length,1024,0.131071999669075,0.1291455954313278,0.13121279776096345,"{""model"": ""mixtral_8x22b"", ""num_attention_heads"": 48, ""num_key_value_heads"": 8, ""head_dim"": 128, ""dtype"": ""torch.bfloat16""}",NVIDIA B200,2026-08-21 00:13:38,0.8.2
rope,huggingface,forward,speed,ms,T,sequence length,2048,0.22726400196552277,0.22615039944648743,0.22732800245285034,"{""model"": ""mixtral_8x22b"", ""num_attention_heads"": 48, ""num_key_value_heads"": 8, ""head_dim"": 128, ""dtype"": ""torch.bfloat16""}",NVIDIA B200,2026-08-21 00:13:38,0.8.2
rope,huggingface,forward,speed,ms,T,sequence length,4096,0.4259839951992035,0.42393600940704346,0.4270080029964447,"{""model"": ""mixtral_8x22b"", ""num_attention_heads"": 48, ""num_key_value_heads"": 8, ""head_dim"": 128, ""dtype"": ""torch.bfloat16""}",NVIDIA B200,2026-08-21 00:13:38,0.8.2
rope,huggingface,forward,speed,ms,T,sequence length,8192,0.8232640027999878,0.8223040103912354,0.823360025882721,"{""model"": ""mixtral_8x22b"", ""num_attention_heads"": 48, ""num_key_value_heads"": 8, ""head_dim"": 128, ""dtype"": ""torch.bfloat16""}",NVIDIA B200,2026-08-21 00:13:38,0.8.2
rope,triton,forward,speed,ms,T,sequence length,1024,0.010239999741315842,0.010143999941647053,0.010304000228643417,"{""model"": ""mixtral_8x22b"", ""num_attention_heads"": 48, ""num_key_value_heads"": 8, ""head_dim"": 128, ""dtype"": ""torch.bfloat16""}",NVIDIA B200,2026-08-21 00:13:38,0.8.2
rope,triton,forward,speed,ms,T,sequence length,2048,0.016383999958634377,0.016287999227643013,0.01648000068962574,"{""model"": ""mixtral_8x22b"", ""num_attention_heads"": 48, ""num_key_value_heads"": 8, ""head_dim"": 128, ""dtype"": ""torch.bfloat16""}",NVIDIA B200,2026-08-21 00:13:38,0.8.2
rope,triton,forward,speed,ms,T,sequence length,4096,0.024607999250292778,0.02454400062561035,0.024639999493956566,"{""model"": ""mixtral_8x22b"", ""num_attention_heads"": 48, ""num_key_value_heads"": 8, ""head_dim"": 128, ""dtype"": ""torch.bfloat16""}",NVIDIA B200,2026-08-21 00:13:38,0.8.2
rope,triton,forward,speed,ms,T,sequence length,8192,0.041039999574422836,0.04092799872159958,0.043007999658584595,"{""model"": ""mixtral_8x22b"", ""num_attention_heads"": 48, ""num_key_value_heads"": 8, ""head_dim"": 128, ""dtype"": ""torch.bfloat16""}",NVIDIA B200,2026-08-21 00:13:38,0.8.2
rope,cutile,forward,speed,ms,T,sequence length,1024,0.03891199827194214,0.03818879872560502,0.038975998759269714,"{""model"": ""mixtral_8x22b"", ""num_attention_heads"": 48, ""num_key_value_heads"": 8, ""head_dim"": 128, ""dtype"": ""torch.bfloat16""}",NVIDIA B200,2026-08-21 00:13:38,0.8.2
rope,cutile,forward,speed,ms,T,sequence length,2048,0.040991999208927155,0.04095999896526337,0.040991999208927155,"{""model"": ""mixtral_8x22b"", ""num_attention_heads"": 48, ""num_key_value_heads"": 8, ""head_dim"": 128, ""dtype"": ""torch.bfloat16""}",NVIDIA B200,2026-08-21 00:13:38,0.8.2
rope,cutile,forward,speed,ms,T,sequence length,4096,0.07171200215816498,0.07168000191450119,0.07180800288915634,"{""model"": ""mixtral_8x22b"", ""num_attention_heads"": 48, ""num_key_value_heads"": 8, ""head_dim"": 128, ""dtype"": ""torch.bfloat16""}",NVIDIA B200,2026-08-21 00:13:38,0.8.2
rope,cutile,forward,speed,ms,T,sequence length,8192,0.13315199315547943,0.1329600065946579,0.13317759931087494,"{""model"": ""mixtral_8x22b"", ""num_attention_heads"": 48, ""num_key_value_heads"": 8, ""head_dim"": 128, ""dtype"": ""torch.bfloat16""}",NVIDIA B200,2026-08-21 00:13:38,0.8.2
rope,cutedsl,forward,speed,ms,T,sequence length,1024,0.010239999741315842,0.010201600380241871,0.010438400134444237,"{""model"": ""mixtral_8x22b"", ""num_attention_heads"": 48, ""num_key_value_heads"": 8, ""head_dim"": 128, ""dtype"": ""torch.bfloat16""}",NVIDIA B200,2026-08-21 00:13:39,0.8.2
rope,cutedsl,forward,speed,ms,T,sequence length,2048,0.0163199994713068,0.014336000196635723,0.016448000445961952,"{""model"": ""mixtral_8x22b"", ""num_attention_heads"": 48, ""num_key_value_heads"": 8, ""head_dim"": 128, ""dtype"": ""torch.bfloat16""}",NVIDIA B200,2026-08-21 00:13:39,0.8.2
rope,cutedsl,forward,speed,ms,T,sequence length,4096,0.024607999250292778,0.024512000381946564,0.024671999737620354,"{""model"": ""mixtral_8x22b"", ""num_attention_heads"": 48, ""num_key_value_heads"": 8, ""head_dim"": 128, ""dtype"": ""torch.bfloat16""}",NVIDIA B200,2026-08-21 00:13:39,0.8.2
rope,cutedsl,forward,speed,ms,T,sequence length,8192,0.040991999208927155,0.04095999896526337,0.0416703999042511,"{""model"": ""mixtral_8x22b"", ""num_attention_heads"": 48, ""num_key_value_heads"": 8, ""head_dim"": 128, ""dtype"": ""torch.bfloat16""}",NVIDIA B200,2026-08-21 00:13:39,0.8.2
rope,huggingface,backward,speed,ms,T,sequence length,1024,0.12495999783277512,0.1249023973941803,0.12585599720478058,"{""model"": ""mixtral_8x22b"", ""num_attention_heads"": 48, ""num_key_value_heads"": 8, ""head_dim"": 128, ""dtype"": ""torch.bfloat16""}",NVIDIA B200,2026-08-21 00:13:39,0.8.2
rope,huggingface,backward,speed,ms,T,sequence length,2048,0.2186879962682724,0.2171903967857361,0.21916800737380981,"{""model"": ""mixtral_8x22b"", ""num_attention_heads"": 48, ""num_key_value_heads"": 8, ""head_dim"": 128, ""dtype"": ""torch.bfloat16""}",NVIDIA B200,2026-08-21 00:13:39,0.8.2
rope,huggingface,backward,speed,ms,T,sequence length,4096,0.4116480052471161,0.41068801283836365,0.4136959910392761,"{""model"": ""mixtral_8x22b"", ""num_attention_heads"": 48, ""num_key_value_heads"": 8, ""head_dim"": 128, ""dtype"": ""torch.bfloat16""}",NVIDIA B200,2026-08-21 00:13:39,0.8.2
rope,huggingface,backward,speed,ms,T,sequence length,8192,0.8207679986953735,0.8191935777664184,0.8222463965415954,"{""model"": ""mixtral_8x22b"", ""num_attention_heads"": 48, ""num_key_value_heads"": 8, ""head_dim"": 128, ""dtype"": ""torch.bfloat16""}",NVIDIA B200,2026-08-21 00:13:39,0.8.2
rope,triton,backward,speed,ms,T,sequence length,1024,0.057072000578045845,0.056063998490571976,0.05859199911355972,"{""model"": ""mixtral_8x22b"", ""num_attention_heads"": 48, ""num_key_value_heads"": 8, ""head_dim"": 128, ""dtype"": ""torch.bfloat16""}",NVIDIA B200,2026-08-21 00:13:40,0.8.2
rope,triton,backward,speed,ms,T,sequence length,2048,0.05724800005555153,0.05630720034241676,0.05816959962248802,"{""model"": ""mixtral_8x22b"", ""num_attention_heads"": 48, ""num_key_value_heads"": 8, ""head_dim"": 128, ""dtype"": ""torch.bfloat16""}",NVIDIA B200,2026-08-21 00:13:40,0.8.2
rope,triton,backward,speed,ms,T,sequence length,4096,0.058368001133203506,0.05833600088953972,0.060153599828481674,"{""model"": ""mixtral_8x22b"", ""num_attention_heads"": 48, ""num_key_value_heads"": 8, ""head_dim"": 128, ""dtype"": ""torch.bfloat16""}",NVIDIA B200,2026-08-21 00:13:40,0.8.2
rope,triton,backward,speed,ms,T,sequence length,8192,0.11264000087976456,0.11155200004577637,0.11267200112342834,"{""model"": ""mixtral_8x22b"", ""num_attention_heads"": 48, ""num_key_value_heads"": 8, ""head_dim"": 128, ""dtype"": ""torch.bfloat16""}",NVIDIA B200,2026-08-21 00:13:40,0.8.2
rope,cutile,backward,speed,ms,T,sequence length,1024,0.05920000001788139,0.058240000158548355,0.06015999987721443,"{""model"": ""mixtral_8x22b"", ""num_attention_heads"": 48, ""num_key_value_heads"": 8, ""head_dim"": 128, ""dtype"": ""torch.bfloat16""}",NVIDIA B200,2026-08-21 00:13:40,0.8.2
rope,cutile,backward,speed,ms,T,sequence length,2048,0.06572800129652023,0.06458240002393723,0.06656000018119812,"{""model"": ""mixtral_8x22b"", ""num_attention_heads"": 48, ""num_key_value_heads"": 8, ""head_dim"": 128, ""dtype"": ""torch.bfloat16""}",NVIDIA B200,2026-08-21 00:13:40,0.8.2
rope,cutile,backward,speed,ms,T,sequence length,4096,0.10649599879980087,0.10639999806880951,0.10652799904346466,"{""model"": ""mixtral_8x22b"", ""num_attention_heads"": 48, ""num_key_value_heads"": 8, ""head_dim"": 128, ""dtype"": ""torch.bfloat16""}",NVIDIA B200,2026-08-21 00:13:40,0.8.2
rope,cutile,backward,speed,ms,T,sequence length,8192,0.20175999402999878,0.20073600113391876,0.2027519941329956,"{""model"": ""mixtral_8x22b"", ""num_attention_heads"": 48, ""num_key_value_heads"": 8, ""head_dim"": 128, ""dtype"": ""torch.bfloat16""}",NVIDIA B200,2026-08-21 00:13:40,0.8.2
rope,cutedsl,backward,speed,ms,T,sequence length,1024,0.0793600007891655,0.07823999971151352,0.08282880038022995,"{""model"": ""mixtral_8x22b"", ""num_attention_heads"": 48, ""num_key_value_heads"": 8, ""head_dim"": 128, ""dtype"": ""torch.bfloat16""}",NVIDIA B200,2026-08-21 00:13:41,0.8.2
rope,cutedsl,backward,speed,ms,T,sequence length,2048,0.07779199630022049,0.07634560018777847,0.07924479991197586,"{""model"": ""mixtral_8x22b"", ""num_attention_heads"": 48, ""num_key_value_heads"": 8, ""head_dim"": 128, ""dtype"": ""torch.bfloat16""}",NVIDIA B200,2026-08-21 00:13:41,0.8.2
rope,cutedsl,backward,speed,ms,T,sequence length,4096,0.07840000092983246,0.07711999863386154,0.07958400249481201,"{""model"": ""mixtral_8x22b"", ""num_attention_heads"": 48, ""num_key_value_heads"": 8, ""head_dim"": 128, ""dtype"": ""torch.bfloat16""}",NVIDIA B200,2026-08-21 00:13:41,0.8.2
rope,cutedsl,backward,speed,ms,T,sequence length,8192,0.11468800157308578,0.1134783998131752,0.11472000181674957,"{""model"": ""mixtral_8x22b"", ""num_attention_heads"": 48, ""num_key_value_heads"": 8, ""head_dim"": 128, ""dtype"": ""torch.bfloat16""}",NVIDIA B200,2026-08-21 00:13:41,0.8.2
rope,huggingface,full,speed,ms,T,sequence length,1024,0.266400009393692,0.26627200841903687,0.2683199942111969,"{""model"": ""mixtral_8x22b"", ""num_attention_heads"": 48, ""num_key_value_heads"": 8, ""head_dim"": 128, ""dtype"": ""torch.bfloat16""}",NVIDIA B200,2026-08-21 00:13:41,0.8.2
rope,huggingface,full,speed,ms,T,sequence length,2048,0.46694400906562805,0.46538880467414856,0.46700159311294553,"{""model"": ""mixtral_8x22b"", ""num_attention_heads"": 48, ""num_key_value_heads"": 8, ""head_dim"": 128, ""dtype"": ""torch.bfloat16""}",NVIDIA B200,2026-08-21 00:13:41,0.8.2
rope,huggingface,full,speed,ms,T,sequence length,4096,0.8775039911270142,0.8765696048736572,0.8787199854850769,"{""model"": ""mixtral_8x22b"", ""num_attention_heads"": 48, ""num_key_value_heads"": 8, ""head_dim"": 128, ""dtype"": ""torch.bfloat16""}",NVIDIA B200,2026-08-21 00:13:41,0.8.2
rope,huggingface,full,speed,ms,T,sequence length,8192,1.7354880571365356,1.7341695547103881,1.7364991903305054,"{""model"": ""mixtral_8x22b"", ""num_attention_heads"": 48, ""num_key_value_heads"": 8, ""head_dim"": 128, ""dtype"": ""torch.bfloat16""}",NVIDIA B200,2026-08-21 00:13:41,0.8.2
rope,triton,full,speed,ms,T,sequence length,1024,0.13148799538612366,0.12995200455188752,0.1359615981578827,"{""model"": ""mixtral_8x22b"", ""num_attention_heads"": 48, ""num_key_value_heads"": 8, ""head_dim"": 128, ""dtype"": ""torch.bfloat16""}",NVIDIA B200,2026-08-21 00:13:42,0.8.2
rope,triton,full,speed,ms,T,sequence length,2048,0.1292479932308197,0.12735359370708466,0.1309695988893509,"{""model"": ""mixtral_8x22b"", ""num_attention_heads"": 48, ""num_key_value_heads"": 8, ""head_dim"": 128, ""dtype"": ""torch.bfloat16""}",NVIDIA B200,2026-08-21 00:13:42,0.8.2
rope,triton,full,speed,ms,T,sequence length,4096,0.13808000087738037,0.13619199395179749,0.1382720023393631,"{""model"": ""mixtral_8x22b"", ""num_attention_heads"": 48, ""num_key_value_heads"": 8, ""head_dim"": 128, ""dtype"": ""torch.bfloat16""}",NVIDIA B200,2026-08-21 00:13:42,0.8.2
rope,triton,full,speed,ms,T,sequence length,8192,0.26262401044368744,0.2620864093303681,0.26425600051879883,"{""model"": ""mixtral_8x22b"", ""num_attention_heads"": 48, ""num_key_value_heads"": 8, ""head_dim"": 128, ""dtype"": ""torch.bfloat16""}",NVIDIA B200,2026-08-21 00:13:42,0.8.2
rope,cutile,full,speed,ms,T,sequence length,1024,0.10203200206160545,0.10051839798688889,0.10314880311489105,"{""model"": ""mixtral_8x22b"", ""num_attention_heads"": 48, ""num_key_value_heads"": 8, ""head_dim"": 128, ""dtype"": ""torch.bfloat16""}",NVIDIA B200,2026-08-21 00:13:42,0.8.2
rope,cutile,full,speed,ms,T,sequence length,2048,0.12492799758911133,0.1239359974861145,0.12585599720478058,"{""model"": ""mixtral_8x22b"", ""num_attention_heads"": 48, ""num_key_value_heads"": 8, ""head_dim"": 128, ""dtype"": ""torch.bfloat16""}",NVIDIA B200,2026-08-21 00:13:42,0.8.2
rope,cutile,full,speed,ms,T,sequence length,4096,0.21912000328302383,0.21799040138721465,0.22120319604873656,"{""model"": ""mixtral_8x22b"", ""num_attention_heads"": 48, ""num_key_value_heads"": 8, ""head_dim"": 128, ""dtype"": ""torch.bfloat16""}",NVIDIA B200,2026-08-21 00:13:42,0.8.2
rope,cutile,full,speed,ms,T,sequence length,8192,0.44126398861408234,0.4402880072593689,0.4423680007457733,"{""model"": ""mixtral_8x22b"", ""num_attention_heads"": 48, ""num_key_value_heads"": 8, ""head_dim"": 128, ""dtype"": ""torch.bfloat16""}",NVIDIA B200,2026-08-21 00:13:42,0.8.2
rope,cutedsl,full,speed,ms,T,sequence length,1024,0.16339200735092163,0.16201600432395935,0.16530559957027435,"{""model"": ""mixtral_8x22b"", ""num_attention_heads"": 48, ""num_key_value_heads"": 8, ""head_dim"": 128, ""dtype"": ""torch.bfloat16""}",NVIDIA B200,2026-08-21 00:13:42,0.8.2
rope,cutedsl,full,speed,ms,T,sequence length,2048,0.16022400557994843,0.15907839834690093,0.16325120627880096,"{""model"": ""mixtral_8x22b"", ""num_attention_heads"": 48, ""num_key_value_heads"": 8, ""head_dim"": 128, ""dtype"": ""torch.bfloat16""}",NVIDIA B200,2026-08-21 00:13:42,0.8.2
rope,cutedsl,full,speed,ms,T,sequence length,4096,0.16406400501728058,0.16129279732704163,0.1672191947698593,"{""model"": ""mixtral_8x22b"", ""num_attention_heads"": 48, ""num_key_value_heads"": 8, ""head_dim"": 128, ""dtype"": ""torch.bfloat16""}",NVIDIA B200,2026-08-21 00:13:42,0.8.2
rope,cutedsl,full,speed,ms,T,sequence length,8192,0.2632160037755966,0.2623807966709137,0.2651135981082916,"{""model"": ""mixtral_8x22b"", ""num_attention_heads"": 48, ""num_key_value_heads"": 8, ""head_dim"": 128, ""dtype"": ""torch.bfloat16""}",NVIDIA B200,2026-08-21 00:13:42,0.8.2
rope,huggingface,full,memory,MB,T,sequence length,1024,73.125,73.125,73.125,"{""model"": ""qwen3_30b_a3b"", ""num_attention_heads"": 32, ""num_key_value_heads"": 4, ""head_dim"": 128, ""dtype"": ""torch.bfloat16""}",NVIDIA B200,2026-08-21 00:13:42,0.8.2
rope,huggingface,full,memory,MB,T,sequence length,2048,130.625,130.625,130.625,"{""model"": ""qwen3_30b_a3b"", ""num_attention_heads"": 32, ""num_key_value_heads"": 4, ""head_dim"": 128, ""dtype"": ""torch.bfloat16""}",NVIDIA B200,2026-08-21 00:13:42,0.8.2
rope,huggingface,full,memory,MB,T,sequence length,4096,245.625,245.625,245.625,"{""model"": ""qwen3_30b_a3b"", ""num_attention_heads"": 32, ""num_key_value_heads"": 4, ""head_dim"": 128, ""dtype"": ""torch.bfloat16""}",NVIDIA B200,2026-08-21 00:13:42,0.8.2
rope,huggingface,full,memory,MB,T,sequence length,8192,475.625,475.625,475.625,"{""model"": ""qwen3_30b_a3b"", ""num_attention_heads"": 32, ""num_key_value_heads"": 4, ""head_dim"": 128, ""dtype"": ""torch.bfloat16""}",NVIDIA B200,2026-08-21 00:13:42,0.8.2
rope,triton,full,memory,MB,T,sequence length,1024,44.125,44.125,44.125,"{""model"": ""qwen3_30b_a3b"", ""num_attention_heads"": 32, ""num_key_value_heads"": 4, ""head_dim"": 128, ""dtype"": ""torch.bfloat16""}",NVIDIA B200,2026-08-21 00:13:42,0.8.2
rope,triton,full,memory,MB,T,sequence length,2048,72.625,72.625,72.625,"{""model"": ""qwen3_30b_a3b"", ""num_attention_heads"": 32, ""num_key_value_heads"": 4, ""head_dim"": 128, ""dtype"": ""torch.bfloat16""}",NVIDIA B200,2026-08-21 00:13:42,0.8.2
rope,triton,full,memory,MB,T,sequence length,4096,129.625,129.625,129.625,"{""model"": ""qwen3_30b_a3b"", ""num_attention_heads"": 32, ""num_key_value_heads"": 4, ""head_dim"": 128, ""dtype"": ""torch.bfloat16""}",NVIDIA B200,2026-08-21 00:13:42,0.8.2
rope,triton,full,memory,MB,T,sequence length,8192,243.625,243.625,243.625,"{""model"": ""qwen3_30b_a3b"", ""num_attention_heads"": 32, ""num_key_value_heads"": 4, ""head_dim"": 128, ""dtype"": ""torch.bfloat16""}",NVIDIA B200,2026-08-21 00:13:42,0.8.2
rope,cutile,full,memory,MB,T,sequence length,1024,43.125,43.125,43.125,"{""model"": ""qwen3_30b_a3b"", ""num_attention_heads"": 32, ""num_key_value_heads"": 4, ""head_dim"": 128, ""dtype"": ""torch.bfloat16""}",NVIDIA B200,2026-08-21 00:13:42,0.8.2
rope,cutile,full,memory,MB,T,sequence length,2048,70.625,70.625,70.625,"{""model"": ""qwen3_30b_a3b"", ""num_attention_heads"": 32, ""num_key_value_heads"": 4, ""head_dim"": 128, ""dtype"": ""torch.bfloat16""}",NVIDIA B200,2026-08-21 00:13:42,0.8.2
rope,cutile,full,memory,MB,T,sequence length,4096,125.625,125.625,125.625,"{""model"": ""qwen3_30b_a3b"", ""num_attention_heads"": 32, ""num_key_value_heads"": 4, ""head_dim"": 128, ""dtype"": ""torch.bfloat16""}",NVIDIA B200,2026-08-21 00:13:42,0.8.2
rope,cutile,full,memory,MB,T,sequence length,8192,235.625,235.625,235.625,"{""model"": ""qwen3_30b_a3b"", ""num_attention_heads"": 32, ""num_key_value_heads"": 4, ""head_dim"": 128, ""dtype"": ""torch.bfloat16""}",NVIDIA B200,2026-08-21 00:13:42,0.8.2
rope,cutedsl,full,memory,MB,T,sequence length,1024,44.125,44.125,44.125,"{""model"": ""qwen3_30b_a3b"", ""num_attention_heads"": 32, ""num_key_value_heads"": 4, ""head_dim"": 128, ""dtype"": ""torch.bfloat16""}",NVIDIA B200,2026-08-21 00:13:42,0.8.2
rope,cutedsl,full,memory,MB,T,sequence length,2048,73.125,73.125,73.125,"{""model"": ""qwen3_30b_a3b"", ""num_attention_heads"": 32, ""num_key_value_heads"": 4, ""head_dim"": 128, ""dtype"": ""torch.bfloat16""}",NVIDIA B200,2026-08-21 00:13:42,0.8.2
rope,cutedsl,full,memory,MB,T,sequence length,4096,131.125,131.125,131.125,"{""model"": ""qwen3_30b_a3b"", ""num_attention_heads"": 32, ""num_key_value_heads"": 4, ""head_dim"": 128, ""dtype"": ""torch.bfloat16""}",NVIDIA B200,2026-08-21 00:13:42,0.8.2
rope,cutedsl,full,memory,MB,T,sequence length,8192,247.125,247.125,247.125,"{""model"": ""qwen3_30b_a3b"", ""num_attention_heads"": 32, ""num_key_value_heads"": 4, ""head_dim"": 128, ""dtype"": ""torch.bfloat16""}",NVIDIA B200,2026-08-21 00:13:42,0.8.2
rope,huggingface,full,memory,MB,T,sequence length,1024,81.625,81.625,81.625,"{""model"": ""mixtral_8x7b"", ""num_attention_heads"": 32, ""num_key_value_heads"": 8, ""head_dim"": 128, ""dtype"": ""torch.bfloat16""}",NVIDIA B200,2026-08-21 00:13:42,0.8.2
rope,huggingface,full,memory,MB,T,sequence length,2048,140.125,140.125,140.125,"{""model"": ""mixtral_8x7b"", ""num_attention_heads"": 32, ""num_key_value_heads"": 8, ""head_dim"": 128, ""dtype"": ""torch.bfloat16""}",NVIDIA B200,2026-08-21 00:13:42,0.8.2
rope,huggingface,full,memory,MB,T,sequence length,4096,257.125,257.125,257.125,"{""model"": ""mixtral_8x7b"", ""num_attention_heads"": 32, ""num_key_value_heads"": 8, ""head_dim"": 128, ""dtype"": ""torch.bfloat16""}",NVIDIA B200,2026-08-21 00:13:42,0.8.2
rope,huggingface,full,memory,MB,T,sequence length,8192,491.125,491.125,491.125,"{""model"": ""mixtral_8x7b"", ""num_attention_heads"": 32, ""num_key_value_heads"": 8, ""head_dim"": 128, ""dtype"": ""torch.bfloat16""}",NVIDIA B200,2026-08-21 00:13:42,0.8.2
rope,triton,full,memory,MB,T,sequence length,1024,55.625,55.625,55.625,"{""model"": ""mixtral_8x7b"", ""num_attention_heads"": 32, ""num_key_value_heads"": 8, ""head_dim"": 128, ""dtype"": ""torch.bfloat16""}",NVIDIA B200,2026-08-21 00:13:42,0.8.2
rope,triton,full,memory,MB,T,sequence length,2048,88.125,88.125,88.125,"{""model"": ""mixtral_8x7b"", ""num_attention_heads"": 32, ""num_key_value_heads"": 8, ""head_dim"": 128, ""dtype"": ""torch.bfloat16""}",NVIDIA B200,2026-08-21 00:13:42,0.8.2
rope,triton,full,memory,MB,T,sequence length,4096,153.125,153.125,153.125,"{""model"": ""mixtral_8x7b"", ""num_attention_heads"": 32, ""num_key_value_heads"": 8, ""head_dim"": 128, ""dtype"": ""torch.bfloat16""}",NVIDIA B200,2026-08-21 00:13:42,0.8.2
rope,triton,full,memory,MB,T,sequence length,8192,283.125,283.125,283.125,"{""model"": ""mixtral_8x7b"", ""num_attention_heads"": 32, ""num_key_value_heads"": 8, ""head_dim"": 128, ""dtype"": ""torch.bfloat16""}",NVIDIA B200,2026-08-21 00:13:42,0.8.2
rope,cutile,full,memory,MB,T,sequence length,1024,53.625,53.625,53.625,"{""model"": ""mixtral_8x7b"", ""num_attention_heads"": 32, ""num_key_value_heads"": 8, ""head_dim"": 128, ""dtype"": ""torch.bfloat16""}",NVIDIA B200,2026-08-21 00:13:42,0.8.2
rope,cutile,full,memory,MB,T,sequence length,2048,84.125,84.125,84.125,"{""model"": ""mixtral_8x7b"", ""num_attention_heads"": 32, ""num_key_value_heads"": 8, ""head_dim"": 128, ""dtype"": ""torch.bfloat16""}",NVIDIA B200,2026-08-21 00:13:42,0.8.2
rope,cutile,full,memory,MB,T,sequence length,4096,145.125,145.125,145.125,"{""model"": ""mixtral_8x7b"", ""num_attention_heads"": 32, ""num_key_value_heads"": 8, ""head_dim"": 128, ""dtype"": ""torch.bfloat16""}",NVIDIA B200,2026-08-21 00:13:42,0.8.2
rope,cutile,full,memory,MB,T,sequence length,8192,267.125,267.125,267.125,"{""model"": ""mixtral_8x7b"", ""num_attention_heads"": 32, ""num_key_value_heads"": 8, ""head_dim"": 128, ""dtype"": ""torch.bfloat16""}",NVIDIA B200,2026-08-21 00:13:42,0.8.2
rope,cutedsl,full,memory,MB,T,sequence length,1024,40.625,40.625,40.625,"{""model"": ""mixtral_8x7b"", ""num_attention_heads"": 32, ""num_key_value_heads"": 8, ""head_dim"": 128, ""dtype"": ""torch.bfloat16""}",NVIDIA B200,2026-08-21 00:13:42,0.8.2
rope,cutedsl,full,memory,MB,T,sequence length,2048,73.625,73.625,73.625,"{""model"": ""mixtral_8x7b"", ""num_attention_heads"": 32, ""num_key_value_heads"": 8, ""head_dim"": 128, ""dtype"": ""torch.bfloat16""}",NVIDIA B200,2026-08-21 00:13:42,0.8.2
rope,cutedsl,full,memory,MB,T,sequence length,4096,139.625,139.625,139.625,"{""model"": ""mixtral_8x7b"", ""num_attention_heads"": 32, ""num_key_value_heads"": 8, ""head_dim"": 128, ""dtype"": ""torch.bfloat16""}",NVIDIA B200,2026-08-21 00:13:42,0.8.2
rope,cutedsl,full,memory,MB,T,sequence length,8192,271.625,271.625,271.625,"{""model"": ""mixtral_8x7b"", ""num_attention_heads"": 32, ""num_key_value_heads"": 8, ""head_dim"": 128, ""dtype"": ""torch.bfloat16""}",NVIDIA B200,2026-08-21 00:13:42,0.8.2
rope,huggingface,full,memory,MB,T,sequence length,1024,102.125,102.125,102.125,"{""model"": ""mixtral_8x22b"", ""num_attention_heads"": 48, ""num_key_value_heads"": 8, ""head_dim"": 128, ""dtype"": ""torch.bfloat16""}",NVIDIA B200,2026-08-21 00:13:42,0.8.2
rope,huggingface,full,memory,MB,T,sequence length,2048,188.625,188.625,188.625,"{""model"": ""mixtral_8x22b"", ""num_attention_heads"": 48, ""num_key_value_heads"": 8, ""head_dim"": 128, ""dtype"": ""torch.bfloat16""}",NVIDIA B200,2026-08-21 00:13:42,0.8.2
rope,huggingface,full,memory,MB,T,sequence length,4096,361.625,361.625,361.625,"{""model"": ""mixtral_8x22b"", ""num_attention_heads"": 48, ""num_key_value_heads"": 8, ""head_dim"": 128, ""dtype"": ""torch.bfloat16""}",NVIDIA B200,2026-08-21 00:13:42,0.8.2
rope,huggingface,full,memory,MB,T,sequence length,8192,707.625,707.625,707.625,"{""model"": ""mixtral_8x22b"", ""num_attention_heads"": 48, ""num_key_value_heads"": 8, ""head_dim"": 128, ""dtype"": ""torch.bfloat16""}",NVIDIA B200,2026-08-21 00:13:42,0.8.2
rope,triton,full,memory,MB,T,sequence length,1024,60.125,60.125,60.125,"{""model"": ""mixtral_8x22b"", ""num_attention_heads"": 48, ""num_key_value_heads"": 8, ""head_dim"": 128, ""dtype"": ""torch.bfloat16""}",NVIDIA B200,2026-08-21 00:13:42,0.8.2
rope,triton,full,memory,MB,T,sequence length,2048,104.625,104.625,104.625,"{""model"": ""mixtral_8x22b"", ""num_attention_heads"": 48, ""num_key_value_heads"": 8, ""head_dim"": 128, ""dtype"": ""torch.bfloat16""}",NVIDIA B200,2026-08-21 00:13:42,0.8.2
rope,triton,full,memory,MB,T,sequence length,4096,193.625,193.625,193.625,"{""model"": ""mixtral_8x22b"", ""num_attention_heads"": 48, ""num_key_value_heads"": 8, ""head_dim"": 128, ""dtype"": ""torch.bfloat16""}",NVIDIA B200,2026-08-21 00:13:42,0.8.2
rope,triton,full,memory,MB,T,sequence length,8192,371.625,371.625,371.625,"{""model"": ""mixtral_8x22b"", ""num_attention_heads"": 48, ""num_key_value_heads"": 8, ""head_dim"": 128, ""dtype"": ""torch.bfloat16""}",NVIDIA B200,2026-08-21 00:13:42,0.8.2
rope,cutile,full,memory,MB,T,sequence length,1024,60.125,60.125,60.125,"{""model"": ""mixtral_8x22b"", ""num_attention_heads"": 48, ""num_key_value_heads"": 8, ""head_dim"": 128, ""dtype"": ""torch.bfloat16""}",NVIDIA B200,2026-08-21 00:13:42,0.8.2
rope,cutile,full,memory,MB,T,sequence length,2048,104.625,104.625,104.625,"{""model"": ""mixtral_8x22b"", ""num_attention_heads"": 48, ""num_key_value_heads"": 8, ""head_dim"": 128, ""dtype"": ""torch.bfloat16""}",NVIDIA B200,2026-08-21 00:13:42,0.8.2
rope,cutile,full,memory,MB,T,sequence length,4096,193.625,193.625,193.625,"{""model"": ""mixtral_8x22b"", ""num_attention_heads"": 48, ""num_key_value_heads"": 8, ""head_dim"": 128, ""dtype"": ""torch.bfloat16""}",NVIDIA B200,2026-08-21 00:13:42,0.8.2
rope,cutile,full,memory,MB,T,sequence length,8192,371.625,371.625,371.625,"{""model"": ""mixtral_8x22b"", ""num_attention_heads"": 48, ""num_key_value_heads"": 8, ""head_dim"": 128, ""dtype"": ""torch.bfloat16""}",NVIDIA B200,2026-08-21 00:13:42,0.8.2
rope,cutedsl,full,memory,MB,T,sequence length,1024,60.125,60.125,60.125,"{""model"": ""mixtral_8x22b"", ""num_attention_heads"": 48, ""num_key_value_heads"": 8, ""head_dim"": 128, ""dtype"": ""torch.bfloat16""}",NVIDIA B200,2026-08-21 00:13:42,0.8.2
rope,cutedsl,full,memory,MB,T,sequence length,2048,105.125,105.125,105.125,"{""model"": ""mixtral_8x22b"", ""num_attention_heads"": 48, ""num_key_value_heads"": 8, ""head_dim"": 128, ""dtype"": ""torch.bfloat16""}",NVIDIA B200,2026-08-21 00:13:42,0.8.2
rope,cutedsl,full,memory,MB,T,sequence length,4096,195.125,195.125,195.125,"{""model"": ""mixtral_8x22b"", ""num_attention_heads"": 48, ""num_key_value_heads"": 8, ""head_dim"": 128, ""dtype"": ""torch.bfloat16""}",NVIDIA B200,2026-08-21 00:13:42,0.8.2
rope,cutedsl,full,memory,MB,T,sequence length,8192,375.125,375.125,375.125,"{""model"": ""mixtral_8x22b"", ""num_attention_heads"": 48, ""num_key_value_heads"": 8, ""head_dim"": 128, ""dtype"": ""torch.bfloat16""}",NVIDIA B200,2026-08-21 00:13:42,0.8.2
rope,huggingface,forward,speed_graph,ms,T,sequence length,1024,0.07376895904541016,0.073755521774292,0.0737824010848999,"{""model"": ""qwen3_30b_a3b"", ""num_attention_heads"": 32, ""num_key_value_heads"": 4, ""head_dim"": 128, ""dtype"": ""torch.bfloat16""}",NVIDIA B200,2026-08-21 00:13:44,0.8.2
rope,huggingface,forward,speed_graph,ms,T,sequence length,2048,0.13241151809692384,0.132359037399292,0.1324441623687744,"{""model"": ""qwen3_30b_a3b"", ""num_attention_heads"": 32, ""num_key_value_heads"": 4, ""head_dim"": 128, ""dtype"": ""torch.bfloat16""}",NVIDIA B200,2026-08-21 00:13:44,0.8.2
rope,huggingface,forward,speed_graph,ms,T,sequence length,4096,0.2592755126953125,0.2592032051086426,0.2593363189697266,"{""model"": ""qwen3_30b_a3b"", ""num_attention_heads"": 32, ""num_key_value_heads"": 4, ""head_dim"": 128, ""dtype"": ""torch.bfloat16""}",NVIDIA B200,2026-08-21 00:13:44,0.8.2
rope,huggingface,forward,speed_graph,ms,T,sequence length,8192,0.5220460891723633,0.5220102310180664,0.5221401596069336,"{""model"": ""qwen3_30b_a3b"", ""num_attention_heads"": 32, ""num_key_value_heads"": 4, ""head_dim"": 128, ""dtype"": ""torch.bfloat16""}",NVIDIA B200,2026-08-21 00:13:44,0.8.2
rope,triton,forward,speed_graph,ms,T,sequence length,1024,0.0031110399961471556,0.0030796799063682557,0.0031148800253868103,"{""model"": ""qwen3_30b_a3b"", ""num_attention_heads"": 32, ""num_key_value_heads"": 4, ""head_dim"": 128, ""dtype"": ""torch.bfloat16""}",NVIDIA B200,2026-08-21 00:13:44,0.8.2
rope,triton,forward,speed_graph,ms,T,sequence length,2048,0.004593920111656189,0.004588159918785095,0.004597119987010956,"{""model"": ""qwen3_30b_a3b"", ""num_attention_heads"": 32, ""num_key_value_heads"": 4, ""head_dim"": 128, ""dtype"": ""torch.bfloat16""}",NVIDIA B200,2026-08-21 00:13:44,0.8.2
rope,triton,forward,speed_graph,ms,T,sequence length,4096,0.007663999795913696,0.00764415979385376,0.007670400142669678,"{""model"": ""qwen3_30b_a3b"", ""num_attention_heads"": 32, ""num_key_value_heads"": 4, ""head_dim"": 128, ""dtype"": ""torch.bfloat16""}",NVIDIA B200,2026-08-21 00:13:44,0.8.2
rope,triton,forward,speed_graph,ms,T,sequence length,8192,0.01453760027885437,0.01452288031578064,0.014567680358886718,"{""model"": ""qwen3_30b_a3b"", ""num_attention_heads"": 32, ""num_key_value_heads"": 4, ""head_dim"": 128, ""dtype"": ""torch.bfloat16""}",NVIDIA B200,2026-08-21 00:13:44,0.8.2
rope,cutile,forward,speed_graph,ms,T,sequence length,1024,0.0034489598870277405,0.003441280126571655,0.003455359935760498,"{""model"": ""qwen3_30b_a3b"", ""num_attention_heads"": 32, ""num_key_value_heads"": 4, ""head_dim"": 128, ""dtype"": ""torch.bfloat16""}",NVIDIA B200,2026-08-21 00:13:44,0.8.2
rope,cutile,forward,speed_graph,ms,T,sequence length,2048,0.0051654398441314696,0.005146239995956421,0.00516864001750946,"{""model"": ""qwen3_30b_a3b"", ""num_attention_heads"": 32, ""num_key_value_heads"": 4, ""head_dim"": 128, ""dtype"": ""torch.bfloat16""}",NVIDIA B200,2026-08-21 00:13:44,0.8.2
rope,cutile,forward,speed_graph,ms,T,sequence length,4096,0.00819648027420044,0.008190720081329346,0.008202880024909973,"{""model"": ""qwen3_30b_a3b"", ""num_attention_heads"": 32, ""num_key_value_heads"": 4, ""head_dim"": 128, ""dtype"": ""torch.bfloat16""}",NVIDIA B200,2026-08-21 00:13:44,0.8.2
rope,cutile,forward,speed_graph,ms,T,sequence length,8192,0.01544384002685547,0.01543231964111328,0.01546239972114563,"{""model"": ""qwen3_30b_a3b"", ""num_attention_heads"": 32, ""num_key_value_heads"": 4, ""head_dim"": 128, ""dtype"": ""torch.bfloat16""}",NVIDIA B200,2026-08-21 00:13:44,0.8.2
rope,cutedsl,forward,speed_graph,ms,T,sequence length,1024,0.0036070400476455686,0.00359360009431839,0.0036121600866317748,"{""model"": ""qwen3_30b_a3b"", ""num_attention_heads"": 32, ""num_key_value_heads"": 4, ""head_dim"": 128, ""dtype"": ""torch.bfloat16""}",NVIDIA B200,2026-08-21 00:13:44,0.8.2
rope,cutedsl,forward,speed_graph,ms,T,sequence length,2048,0.005206400156021118,0.005203199982643128,0.005225600004196167,"{""model"": ""qwen3_30b_a3b"", ""num_attention_heads"": 32, ""num_key_value_heads"": 4, ""head_dim"": 128, ""dtype"": ""torch.bfloat16""}",NVIDIA B200,2026-08-21 00:13:44,0.8.2
rope,cutedsl,forward,speed_graph,ms,T,sequence length,4096,0.008563200235366821,0.008529919981956482,0.008572160005569459,"{""model"": ""qwen3_30b_a3b"", ""num_attention_heads"": 32, ""num_key_value_heads"": 4, ""head_dim"": 128, ""dtype"": ""torch.bfloat16""}",NVIDIA B200,2026-08-21 00:13:44,0.8.2
rope,cutedsl,forward,speed_graph,ms,T,sequence length,8192,0.015438719987869262,0.015407359600067139,0.015446399450302123,"{""model"": ""qwen3_30b_a3b"", ""num_attention_heads"": 32, ""num_key_value_heads"": 4, ""head_dim"": 128, ""dtype"": ""torch.bfloat16""}",NVIDIA B200,2026-08-21 00:13:44,0.8.2
rope,huggingface,forward,speed_graph,ms,T,sequence length,1024,0.07972479820251464,0.07970687866210938,0.07974656105041504,"{""model"": ""mixtral_8x7b"", ""num_attention_heads"": 32, ""num_key_value_heads"": 8, ""head_dim"": 128, ""dtype"": ""torch.bfloat16""}",NVIDIA B200,2026-08-21 00:13:45,0.8.2
rope,huggingface,forward,speed_graph,ms,T,sequence length,2048,0.14410047531127929,0.1440396785736084,0.14417023658752443,"{""model"": ""mixtral_8x7b"", ""num_attention_heads"": 32, ""num_key_value_heads"": 8, ""head_dim"": 128, ""dtype"": ""torch.bfloat16""}",NVIDIA B200,2026-08-21 00:13:45,0.8.2
rope,huggingface,forward,speed_graph,ms,T,sequence length,4096,0.2838528060913086,0.283816967010498,0.2839014434814453,"{""model"": ""mixtral_8x7b"", ""num_attention_heads"": 32, ""num_key_value_heads"": 8, ""head_dim"": 128, ""dtype"": ""torch.bfloat16""}",NVIDIA B200,2026-08-21 00:13:45,0.8.2
rope,huggingface,forward,speed_graph,ms,T,sequence length,8192,0.5700332641601562,0.5699910354614258,0.5701158523559571,"{""model"": ""mixtral_8x7b"", ""num_attention_heads"": 32, ""num_key_value_heads"": 8, ""head_dim"": 128, ""dtype"": ""torch.bfloat16""}",NVIDIA B200,2026-08-21 00:13:45,0.8.2
rope,triton,forward,speed_graph,ms,T,sequence length,1024,0.0033241599798202516,0.003320319950580597,0.0033292800188064577,"{""model"": ""mixtral_8x7b"", ""num_attention_heads"": 32, ""num_key_value_heads"": 8, ""head_dim"": 128, ""dtype"": ""torch.bfloat16""}",NVIDIA B200,2026-08-21 00:13:45,0.8.2
rope,triton,forward,speed_graph,ms,T,sequence length,2048,0.004963839948177337,0.0049606400728225706,0.004995200037956238,"{""model"": ""mixtral_8x7b"", ""num_attention_heads"": 32, ""num_key_value_heads"": 8, ""head_dim"": 128, ""dtype"": ""torch.bfloat16""}",NVIDIA B200,2026-08-21 00:13:45,0.8.2
rope,triton,forward,speed_graph,ms,T,sequence length,4096,0.00836031973361969,0.008352640271186828,0.008372480273246765,"{""model"": ""mixtral_8x7b"", ""num_attention_heads"": 32, ""num_key_value_heads"": 8, ""head_dim"": 128, ""dtype"": ""torch.bfloat16""}",NVIDIA B200,2026-08-21 00:13:45,0.8.2
rope,triton,forward,speed_graph,ms,T,sequence length,8192,0.0175929594039917,0.01756351947784424,0.017609599828720093,"{""model"": ""mixtral_8x7b"", ""num_attention_heads"": 32, ""num_key_value_heads"": 8, ""head_dim"": 128, ""dtype"": ""torch.bfloat16""}",NVIDIA B200,2026-08-21 00:13:45,0.8.2
rope,cutile,forward,speed_graph,ms,T,sequence length,1024,0.0036102399230003358,0.003601920008659363,0.003617280125617981,"{""model"": ""mixtral_8x7b"", ""num_attention_heads"": 32, ""num_key_value_heads"": 8, ""head_dim"": 128, ""dtype"": ""torch.bfloat16""}",NVIDIA B200,2026-08-21 00:13:46,0.8.2
rope,cutile,forward,speed_graph,ms,T,sequence length,2048,0.005396479964256287,0.0053747200965881346,0.005411840081214905,"{""model"": ""mixtral_8x7b"", ""num_attention_heads"": 32, ""num_key_value_heads"": 8, ""head_dim"": 128, ""dtype"": ""torch.bfloat16""}",NVIDIA B200,2026-08-21 00:13:46,0.8.2
rope,cutile,forward,speed_graph,ms,T,sequence length,4096,0.008855680227279663,0.008847360014915467,0.008865280151367188,"{""model"": ""mixtral_8x7b"", ""num_attention_heads"": 32, ""num_key_value_heads"": 8, ""head_dim"": 128, ""dtype"": ""torch.bfloat16""}",NVIDIA B200,2026-08-21 00:13:46,0.8.2
rope,cutile,forward,speed_graph,ms,T,sequence length,8192,0.01934975981712341,0.01933184027671814,0.019367680549621583,"{""model"": ""mixtral_8x7b"", ""num_attention_heads"": 32, ""num_key_value_heads"": 8, ""head_dim"": 128, ""dtype"": ""torch.bfloat16""}",NVIDIA B200,2026-08-21 00:13:46,0.8.2
rope,cutedsl,forward,speed_graph,ms,T,sequence length,1024,0.004003840088844299,0.003984000086784362,0.0040204799175262455,"{""model"": ""mixtral_8x7b"", ""num_attention_heads"": 32, ""num_key_value_heads"": 8, ""head_dim"": 128, ""dtype"": ""torch.bfloat16""}",NVIDIA B200,2026-08-21 00:13:46,0.8.2
rope,cutedsl,forward,speed_graph,ms,T,sequence length,2048,0.005982720255851746,0.005946239829063416,0.005998719930648804,"{""model"": ""mixtral_8x7b"", ""num_attention_heads"": 32, ""num_key_value_heads"": 8, ""head_dim"": 128, ""dtype"": ""torch.bfloat16""}",NVIDIA B200,2026-08-21 00:13:46,0.8.2
rope,cutedsl,forward,speed_graph,ms,T,sequence length,4096,0.009179520010948182,0.009162240028381348,0.009184640049934387,"{""model"": ""mixtral_8x7b"", ""num_attention_heads"": 32, ""num_key_value_heads"": 8, ""head_dim"": 128, ""dtype"": ""torch.bfloat16""}",NVIDIA B200,2026-08-21 00:13:46,0.8.2
rope,cutedsl,forward,speed_graph,ms,T,sequence length,8192,0.018376959562301634,0.018348799943923952,0.01842687964439392,"{""model"": ""mixtral_8x7b"", ""num_attention_heads"": 32, ""num_key_value_heads"": 8, ""head_dim"": 128, ""dtype"": ""torch.bfloat16""}",NVIDIA B200,2026-08-21 00:13:46,0.8.2
rope,huggingface,forward,speed_graph,ms,T,sequence length,1024,0.1044275188446045,0.1044057559967041,0.10446208000183105,"{""model"": ""mixtral_8x22b"", ""num_attention_heads"": 48, ""num_key_value_heads"": 8, ""head_dim"": 128, ""dtype"": ""torch.bfloat16""}",NVIDIA B200,2026-08-21 00:13:48,0.8.2
rope,huggingface,forward,speed_graph,ms,T,sequence length,2048,0.20262208938598633,0.20254783630371093,0.2026835250854492,"{""model"": ""mixtral_8x22b"", ""num_attention_heads"": 48, ""num_key_value_heads"": 8, ""head_dim"": 128, ""dtype"": ""torch.bfloat16""}",NVIDIA B200,2026-08-21 00:13:48,0.8.2
rope,huggingface,forward,speed_graph,ms,T,sequence length,4096,0.40226497650146487,0.40220863342285157,0.402344970703125,"{""model"": ""mixtral_8x22b"", ""num_attention_heads"": 48, ""num_key_value_heads"": 8, ""head_dim"": 128, ""dtype"": ""torch.bfloat16""}",NVIDIA B200,2026-08-21 00:13:48,0.8.2
rope,huggingface,forward,speed_graph,ms,T,sequence length,8192,0.7983347320556641,0.7982585906982422,0.7984255981445313,"{""model"": ""mixtral_8x22b"", ""num_attention_heads"": 48, ""num_key_value_heads"": 8, ""head_dim"": 128, ""dtype"": ""torch.bfloat16""}",NVIDIA B200,2026-08-21 00:13:48,0.8.2
rope,triton,forward,speed_graph,ms,T,sequence length,1024,0.0039814400672912595,0.003978880047798157,0.003986560106277466,"{""model"": ""mixtral_8x22b"", ""num_attention_heads"": 48, ""num_key_value_heads"": 8, ""head_dim"": 128, ""dtype"": ""torch.bfloat16""}",NVIDIA B200,2026-08-21 00:13:48,0.8.2
rope,triton,forward,speed_graph,ms,T,sequence length,2048,0.006384000182151794,0.006355199813842773,0.0063961601257324216,"{""model"": ""mixtral_8x22b"", ""num_attention_heads"": 48, ""num_key_value_heads"": 8, ""head_dim"": 128, ""dtype"": ""torch.bfloat16""}",NVIDIA B200,2026-08-21 00:13:48,0.8.2
rope,triton,forward,speed_graph,ms,T,sequence length,4096,0.010810240507125854,0.010800000429153443,0.010817919969558715,"{""model"": ""mixtral_8x22b"", ""num_attention_heads"": 48, ""num_key_value_heads"": 8, ""head_dim"": 128, ""dtype"": ""torch.bfloat16""}",NVIDIA B200,2026-08-21 00:13:48,0.8.2
rope,triton,forward,speed_graph,ms,T,sequence length,8192,0.03690239906311035,0.03686784029006958,0.03692352056503296,"{""model"": ""mixtral_8x22b"", ""num_attention_heads"": 48, ""num_key_value_heads"": 8, ""head_dim"": 128, ""dtype"": ""torch.bfloat16""}",NVIDIA B200,2026-08-21 00:13:48,0.8.2
rope,cutile,forward,speed_graph,ms,T,sequence length,1024,0.01422144055366516,0.014214400053024292,0.01424896001815796,"{""model"": ""mixtral_8x22b"", ""num_attention_heads"": 48, ""num_key_value_heads"": 8, ""head_dim"": 128, ""dtype"": ""torch.bfloat16""}",NVIDIA B200,2026-08-21 00:13:48,0.8.2
rope,cutile,forward,speed_graph,ms,T,sequence length,2048,0.017824640274047853,0.017814400196075438,0.01784319996833801,"{""model"": ""mixtral_8x22b"", ""num_attention_heads"": 48, ""num_key_value_heads"": 8, ""head_dim"": 128, ""dtype"": ""torch.bfloat16""}",NVIDIA B200,2026-08-21 00:13:48,0.8.2
rope,cutile,forward,speed_graph,ms,T,sequence length,4096,0.04022336006164551,0.040181760787963865,0.04028800010681152,"{""model"": ""mixtral_8x22b"", ""num_attention_heads"": 48, ""num_key_value_heads"": 8, ""head_dim"": 128, ""dtype"": ""torch.bfloat16""}",NVIDIA B200,2026-08-21 00:13:48,0.8.2
rope,cutile,forward,speed_graph,ms,T,sequence length,8192,0.12708800315856933,0.12705344200134278,0.12713600158691407,"{""model"": ""mixtral_8x22b"", ""num_attention_heads"": 48, ""num_key_value_heads"": 8, ""head_dim"": 128, ""dtype"": ""torch.bfloat16""}",NVIDIA B200,2026-08-21 00:13:48,0.8.2
rope,cutedsl,forward,speed_graph,ms,T,sequence length,1024,0.004517120122909546,0.004508799910545349,0.004549759924411773,"{""model"": ""mixtral_8x22b"", ""num_attention_heads"": 48, ""num_key_value_heads"": 8, ""head_dim"": 128, ""dtype"": ""torch.bfloat16""}",NVIDIA B200,2026-08-21 00:13:48,0.8.2
rope,cutedsl,forward,speed_graph,ms,T,sequence length,2048,0.007380480170249939,0.007372159957885743,0.007412480115890503,"{""model"": ""mixtral_8x22b"", ""num_attention_heads"": 48, ""num_key_value_heads"": 8, ""head_dim"": 128, ""dtype"": ""torch.bfloat16""}",NVIDIA B200,2026-08-21 00:13:48,0.8.2
rope,cutedsl,forward,speed_graph,ms,T,sequence length,4096,0.011750400066375732,0.01172544002532959,0.011756800413131714,"{""model"": ""mixtral_8x22b"", ""num_attention_heads"": 48, ""num_key_value_heads"": 8, ""head_dim"": 128, ""dtype"": ""torch.bfloat16""}",NVIDIA B200,2026-08-21 00:13:48,0.8.2
rope,cutedsl,forward,speed_graph,ms,T,sequence length,8192,0.03675391912460327,0.0367142391204834,0.036800639629364015,"{""model"": ""mixtral_8x22b"", ""num_attention_heads"": 48, ""num_key_value_heads"": 8, ""head_dim"": 128, ""dtype"": ""torch.bfloat16""}",NVIDIA B200,2026-08-21 00:13:48,0.8.2
rope,triton,backward,speed_graph,ms,T,sequence length,1024,0.003121280074119568,0.003118079900741577,0.003140479922294617,"{""model"": ""qwen3_30b_a3b"", ""num_attention_heads"": 32, ""num_key_value_heads"": 4, ""head_dim"": 128, ""dtype"": ""torch.bfloat16""}",NVIDIA B200,2026-08-21 00:13:48,0.8.2
rope,triton,backward,speed_graph,ms,T,sequence length,2048,0.004722560048103333,0.004716799855232239,0.004755200147628784,"{""model"": ""qwen3_30b_a3b"", ""num_attention_heads"": 32, ""num_key_value_heads"": 4, ""head_dim"": 128, ""dtype"": ""torch.bfloat16""}",NVIDIA B200,2026-08-21 00:13:48,0.8.2
rope,triton,backward,speed_graph,ms,T,sequence length,4096,0.0076915198564529415,0.007662079930305481,0.007701759934425354,"{""model"": ""qwen3_30b_a3b"", ""num_attention_heads"": 32, ""num_key_value_heads"": 4, ""head_dim"": 128, ""dtype"": ""torch.bfloat16""}",NVIDIA B200,2026-08-21 00:13:48,0.8.2
rope,triton,backward,speed_graph,ms,T,sequence length,8192,0.014495999813079833,0.014478720426559448,0.014523520469665527,"{""model"": ""qwen3_30b_a3b"", ""num_attention_heads"": 32, ""num_key_value_heads"": 4, ""head_dim"": 128, ""dtype"": ""torch.bfloat16""}",NVIDIA B200,2026-08-21 00:13:48,0.8.2
rope,cutile,backward,speed_graph,ms,T,sequence length,1024,0.003524479866027832,0.003518080115318298,0.0035302400588989257,"{""model"": ""qwen3_30b_a3b"", ""num_attention_heads"": 32, ""num_key_value_heads"": 4, ""head_dim"": 128, ""dtype"": ""torch.bfloat16""}",NVIDIA B200,2026-08-21 00:13:49,0.8.2
rope,cutile,backward,speed_graph,ms,T,sequence length,2048,0.005454720258712769,0.005452160239219666,0.005483520030975342,"{""model"": ""qwen3_30b_a3b"", ""num_attention_heads"": 32, ""num_key_value_heads"": 4, ""head_dim"": 128, ""dtype"": ""torch.bfloat16""}",NVIDIA B200,2026-08-21 00:13:49,0.8.2
rope,cutile,backward,speed_graph,ms,T,sequence length,4096,0.008647680282592773,0.008632320165634155,0.008657919764518738,"{""model"": ""qwen3_30b_a3b"", ""num_attention_heads"": 32, ""num_key_value_heads"": 4, ""head_dim"": 128, ""dtype"": ""torch.bfloat16""}",NVIDIA B200,2026-08-21 00:13:49,0.8.2
rope,cutile,backward,speed_graph,ms,T,sequence length,8192,0.01640447974205017,0.01638592004776001,0.01642815947532654,"{""model"": ""qwen3_30b_a3b"", ""num_attention_heads"": 32, ""num_key_value_heads"": 4, ""head_dim"": 128, ""dtype"": ""torch.bfloat16""}",NVIDIA B200,2026-08-21 00:13:49,0.8.2
rope,cutedsl,backward,speed_graph,ms,T,sequence length,1024,0.0035743999481201174,0.0035686400532722474,0.0035942399501800535,"{""model"": ""qwen3_30b_a3b"", ""num_attention_heads"": 32, ""num_key_value_heads"": 4, ""head_dim"": 128, ""dtype"": ""torch.bfloat16""}",NVIDIA B200,2026-08-21 00:13:49,0.8.2
rope,cutedsl,backward,speed_graph,ms,T,sequence length,2048,0.0052537602186203,0.005247359871864319,0.005285760164260864,"{""model"": ""qwen3_30b_a3b"", ""num_attention_heads"": 32, ""num_key_value_heads"": 4, ""head_dim"": 128, ""dtype"": ""torch.bfloat16""}",NVIDIA B200,2026-08-21 00:13:49,0.8.2
rope,cutedsl,backward,speed_graph,ms,T,sequence length,4096,0.008772479891777039,0.008765439987182617,0.008803840279579162,"{""model"": ""qwen3_30b_a3b"", ""num_attention_heads"": 32, ""num_key_value_heads"": 4, ""head_dim"": 128, ""dtype"": ""torch.bfloat16""}",NVIDIA B200,2026-08-21 00:13:49,0.8.2
rope,cutedsl,backward,speed_graph,ms,T,sequence length,8192,0.015246720314025878,0.015223040580749511,0.015278079509735108,"{""model"": ""qwen3_30b_a3b"", ""num_attention_heads"": 32, ""num_key_value_heads"": 4, ""head_dim"": 128, ""dtype"": ""torch.bfloat16""}",NVIDIA B200,2026-08-21 00:13:49,0.8.2
rope,triton,full,speed_graph,ms,T,sequence length,1024,0.006108800172805786,0.006096000075340271,0.006113280057907105,"{""model"": ""qwen3_30b_a3b"", ""num_attention_heads"": 32, ""num_key_value_heads"": 4, ""head_dim"": 128, ""dtype"": ""torch.bfloat16""}",NVIDIA B200,2026-08-21 00:13:49,0.8.2
rope,triton,full,speed_graph,ms,T,sequence length,2048,0.009146239757537842,0.009137920141220092,0.009177600145339965,"{""model"": ""qwen3_30b_a3b"", ""num_attention_heads"": 32, ""num_key_value_heads"": 4, ""head_dim"": 128, ""dtype"": ""torch.bfloat16""}",NVIDIA B200,2026-08-21 00:13:49,0.8.2
rope,triton,full,speed_graph,ms,T,sequence length,4096,0.01706496000289917,0.017036160230636598,0.017081600427627564,"{""model"": ""qwen3_30b_a3b"", ""num_attention_heads"": 32, ""num_key_value_heads"": 4, ""head_dim"": 128, ""dtype"": ""torch.bfloat16""}",NVIDIA B200,2026-08-21 00:13:49,0.8.2
rope,triton,full,speed_graph,ms,T,sequence length,8192,0.05051839828491211,0.050482559204101565,0.050590081214904783,"{""model"": ""qwen3_30b_a3b"", ""num_attention_heads"": 32, ""num_key_value_heads"": 4, ""head_dim"": 128, ""dtype"": ""torch.bfloat16""}",NVIDIA B200,2026-08-21 00:13:49,0.8.2
rope,cutile,full,speed_graph,ms,T,sequence length,1024,0.006846719980239868,0.00684224009513855,0.006854400038719177,"{""model"": ""qwen3_30b_a3b"", ""num_attention_heads"": 32, ""num_key_value_heads"": 4, ""head_dim"": 128, ""dtype"": ""torch.bfloat16""}",NVIDIA B200,2026-08-21 00:13:49,0.8.2
rope,cutile,full,speed_graph,ms,T,sequence length,2048,0.010492160320281982,0.010483839511871339,0.010501120090484619,"{""model"": ""qwen3_30b_a3b"", ""num_attention_heads"": 32, ""num_key_value_heads"": 4, ""head_dim"": 128, ""dtype"": ""torch.bfloat16""}",NVIDIA B200,2026-08-21 00:13:49,0.8.2
rope,cutile,full,speed_graph,ms,T,sequence length,4096,0.018533760309219362,0.01850816011428833,0.018557440042495727,"{""model"": ""qwen3_30b_a3b"", ""num_attention_heads"": 32, ""num_key_value_heads"": 4, ""head_dim"": 128, ""dtype"": ""torch.bfloat16""}",NVIDIA B200,2026-08-21 00:13:49,0.8.2
rope,cutile,full,speed_graph,ms,T,sequence length,8192,0.04958591938018799,0.049570560455322266,0.04965824127197266,"{""model"": ""qwen3_30b_a3b"", ""num_attention_heads"": 32, ""num_key_value_heads"": 4, ""head_dim"": 128, ""dtype"": ""torch.bfloat16""}",NVIDIA B200,2026-08-21 00:13:49,0.8.2
rope,cutedsl,full,speed_graph,ms,T,sequence length,1024,0.007008640170097351,0.007004160284996033,0.00701312005519867,"{""model"": ""qwen3_30b_a3b"", ""num_attention_heads"": 32, ""num_key_value_heads"": 4, ""head_dim"": 128, ""dtype"": ""torch.bfloat16""}",NVIDIA B200,2026-08-21 00:13:49,0.8.2
rope,cutedsl,full,speed_graph,ms,T,sequence length,2048,0.010247039794921874,0.010243200063705445,0.010254080295562745,"{""model"": ""qwen3_30b_a3b"", ""num_attention_heads"": 32, ""num_key_value_heads"": 4, ""head_dim"": 128, ""dtype"": ""torch.bfloat16""}",NVIDIA B200,2026-08-21 00:13:49,0.8.2
rope,cutedsl,full,speed_graph,ms,T,sequence length,4096,0.018390400409698485,0.01835647940635681,0.018428800106048585,"{""model"": ""qwen3_30b_a3b"", ""num_attention_heads"": 32, ""num_key_value_heads"": 4, ""head_dim"": 128, ""dtype"": ""torch.bfloat16""}",NVIDIA B200,2026-08-21 00:13:49,0.8.2
rope,cutedsl,full,speed_graph,ms,T,sequence length,8192,0.049453439712524416,0.04940864086151123,0.049480957984924315,"{""model"": ""qwen3_30b_a3b"", ""num_attention_heads"": 32, ""num_key_value_heads"": 4, ""head_dim"": 128, ""dtype"": ""torch.bfloat16""}",NVIDIA B200,2026-08-21 00:13:49,0.8.2
rope,triton,backward,speed_graph,ms,T,sequence length,1024,0.003399679958820343,0.0033875200152397155,0.003409920036792755,"{""model"": ""mixtral_8x7b"", ""num_attention_heads"": 32, ""num_key_value_heads"": 8, ""head_dim"": 128, ""dtype"": ""torch.bfloat16""}",NVIDIA B200,2026-08-21 00:13:49,0.8.2
rope,triton,backward,speed_graph,ms,T,sequence length,2048,0.005089920163154602,0.005082880258560181,0.005112959742546081,"{""model"": ""mixtral_8x7b"", ""num_attention_heads"": 32, ""num_key_value_heads"": 8, ""head_dim"": 128, ""dtype"": ""torch.bfloat16""}",NVIDIA B200,2026-08-21 00:13:49,0.8.2
rope,triton,backward,speed_graph,ms,T,sequence length,4096,0.008275840282440185,0.008243200182914735,0.008282880187034608,"{""model"": ""mixtral_8x7b"", ""num_attention_heads"": 32, ""num_key_value_heads"": 8, ""head_dim"": 128, ""dtype"": ""torch.bfloat16""}",NVIDIA B200,2026-08-21 00:13:49,0.8.2
rope,triton,backward,speed_graph,ms,T,sequence length,8192,0.01824512004852295,0.01822783946990967,0.018292479515075684,"{""model"": ""mixtral_8x7b"", ""num_attention_heads"": 32, ""num_key_value_heads"": 8, ""head_dim"": 128, ""dtype"": ""torch.bfloat16""}",NVIDIA B200,2026-08-21 00:13:49,0.8.2
rope,cutile,backward,speed_graph,ms,T,sequence length,1024,0.0036511999368667603,0.0036313599348068238,0.0036563199758529665,"{""model"": ""mixtral_8x7b"", ""num_attention_heads"": 32, ""num_key_value_heads"": 8, ""head_dim"": 128, ""dtype"": ""torch.bfloat16""}",NVIDIA B200,2026-08-21 00:13:49,0.8.2
rope,cutile,backward,speed_graph,ms,T,sequence length,2048,0.005739520192146301,0.005731199979782105,0.005757439732551575,"{""model"": ""mixtral_8x7b"", ""num_attention_heads"": 32, ""num_key_value_heads"": 8, ""head_dim"": 128, ""dtype"": ""torch.bfloat16""}",NVIDIA B200,2026-08-21 00:13:49,0.8.2
rope,cutile,backward,speed_graph,ms,T,sequence length,4096,0.009468799829483033,0.009461119771003723,0.009500799775123596,"{""model"": ""mixtral_8x7b"", ""num_attention_heads"": 32, ""num_key_value_heads"": 8, ""head_dim"": 128, ""dtype"": ""torch.bfloat16""}",NVIDIA B200,2026-08-21 00:13:49,0.8.2
rope,cutile,backward,speed_graph,ms,T,sequence length,8192,0.022069120407104494,0.022052481174468994,0.02208064079284668,"{""model"": ""mixtral_8x7b"", ""num_attention_heads"": 32, ""num_key_value_heads"": 8, ""head_dim"": 128, ""dtype"": ""torch.bfloat16""}",NVIDIA B200,2026-08-21 00:13:49,0.8.2
rope,cutedsl,backward,speed_graph,ms,T,sequence length,1024,0.003935360014438629,0.003924480080604554,0.0039392000436782836,"{""model"": ""mixtral_8x7b"", ""num_attention_heads"": 32, ""num_key_value_heads"": 8, ""head_dim"": 128, ""dtype"": ""torch.bfloat16""}",NVIDIA B200,2026-08-21 00:13:49,0.8.2
rope,cutedsl,backward,speed_graph,ms,T,sequence length,2048,0.005536640286445618,0.005530880093574524,0.005543040037155151,"{""model"": ""mixtral_8x7b"", ""num_attention_heads"": 32, ""num_key_value_heads"": 8, ""head_dim"": 128, ""dtype"": ""torch.bfloat16""}",NVIDIA B200,2026-08-21 00:13:49,0.8.2
rope,cutedsl,backward,speed_graph,ms,T,sequence length,4096,0.009256960153579711,0.009223679900169373,0.009267839789390563,"{""model"": ""mixtral_8x7b"", ""num_attention_heads"": 32, ""num_key_value_heads"": 8, ""head_dim"": 128, ""dtype"": ""torch.bfloat16""}",NVIDIA B200,2026-08-21 00:13:49,0.8.2
rope,cutedsl,backward,speed_graph,ms,T,sequence length,8192,0.018213759660720825,0.018188159465789795,0.018231680393218996,"{""model"": ""mixtral_8x7b"", ""num_attention_heads"": 32, ""num_key_value_heads"": 8, ""head_dim"": 128, ""dtype"": ""torch.bfloat16""}",NVIDIA B200,2026-08-21 00:13:49,0.8.2
rope,triton,full,speed_graph,ms,T,sequence length,1024,0.006517760157585144,0.00651199996471405,0.00652351975440979,"{""model"": ""mixtral_8x7b"", ""num_attention_heads"": 32, ""num_key_value_heads"": 8, ""head_dim"": 128, ""dtype"": ""torch.bfloat16""}",NVIDIA B200,2026-08-21 00:13:49,0.8.2
rope,triton,full,speed_graph,ms,T,sequence length,2048,0.009961599707603455,0.009957759976387023,0.009998080134391785,"{""model"": ""mixtral_8x7b"", ""num_attention_heads"": 32, ""num_key_value_heads"": 8, ""head_dim"": 128, ""dtype"": ""torch.bfloat16""}",NVIDIA B200,2026-08-21 00:13:49,0.8.2
rope,triton,full,speed_graph,ms,T,sequence length,4096,0.020300800800323485,0.020275199413299562,0.02033600091934204,"{""model"": ""mixtral_8x7b"", ""num_attention_heads"": 32, ""num_key_value_heads"": 8, ""head_dim"": 128, ""dtype"": ""torch.bfloat16""}",NVIDIA B200,2026-08-21 00:13:49,0.8.2
rope,triton,full,speed_graph,ms,T,sequence length,8192,0.05535615921020508,0.05531519889831543,0.055394558906555175,"{""model"": ""mixtral_8x7b"", ""num_attention_heads"": 32, ""num_key_value_heads"": 8, ""head_dim"": 128, ""dtype"": ""torch.bfloat16""}",NVIDIA B200,2026-08-21 00:13:49,0.8.2
rope,cutile,full,speed_graph,ms,T,sequence length,1024,0.007098879814147949,0.007092480063438416,0.007130240201950073,"{""model"": ""mixtral_8x7b"", ""num_attention_heads"": 32, ""num_key_value_heads"": 8, ""head_dim"": 128, ""dtype"": ""torch.bfloat16""}",NVIDIA B200,2026-08-21 00:13:50,0.8.2
rope,cutile,full,speed_graph,ms,T,sequence length,2048,0.011025919914245605,0.011019519567489623,0.011033600568771363,"{""model"": ""mixtral_8x7b"", ""num_attention_heads"": 32, ""num_key_value_heads"": 8, ""head_dim"": 128, ""dtype"": ""torch.bfloat16""}",NVIDIA B200,2026-08-21 00:13:50,0.8.2
rope,cutile,full,speed_graph,ms,T,sequence length,4096,0.022357120513916015,0.022324481010437013,0.02238719940185547,"{""model"": ""mixtral_8x7b"", ""num_attention_heads"": 32, ""num_key_value_heads"": 8, ""head_dim"": 128, ""dtype"": ""torch.bfloat16""}",NVIDIA B200,2026-08-21 00:13:50,0.8.2
rope,cutile,full,speed_graph,ms,T,sequence length,8192,0.0555628776550293,0.05555136203765869,0.05561728000640869,"{""model"": ""mixtral_8x7b"", ""num_attention_heads"": 32, ""num_key_value_heads"": 8, ""head_dim"": 128, ""dtype"": ""torch.bfloat16""}",NVIDIA B200,2026-08-21 00:13:50,0.8.2
rope,cutedsl,full,speed_graph,ms,T,sequence length,1024,0.0077881598472595214,0.007784320116043091,0.007800319790840149,"{""model"": ""mixtral_8x7b"", ""num_attention_heads"": 32, ""num_key_value_heads"": 8, ""head_dim"": 128, ""dtype"": ""torch.bfloat16""}",NVIDIA B200,2026-08-21 00:13:50,0.8.2
rope,cutedsl,full,speed_graph,ms,T,sequence length,2048,0.011424000263214112,0.011392639875411987,0.011451519727706909,"{""model"": ""mixtral_8x7b"", ""num_attention_heads"": 32, ""num_key_value_heads"": 8, ""head_dim"": 128, ""dtype"": ""torch.bfloat16""}",NVIDIA B200,2026-08-21 00:13:50,0.8.2
rope,cutedsl,full,speed_graph,ms,T,sequence length,4096,0.02117503881454468,0.021160318851470947,0.021219840049743654,"{""model"": ""mixtral_8x7b"", ""num_attention_heads"": 32, ""num_key_value_heads"": 8, ""head_dim"": 128, ""dtype"": ""torch.bfloat16""}",NVIDIA B200,2026-08-21 00:13:50,0.8.2
rope,cutedsl,full,speed_graph,ms,T,sequence length,8192,0.054296321868896484,0.05425407886505127,0.05433663845062256,"{""model"": ""mixtral_8x7b"", ""num_attention_heads"": 32, ""num_key_value_heads"": 8, ""head_dim"": 128, ""dtype"": ""torch.bfloat16""}",NVIDIA B200,2026-08-21 00:13:50,0.8.2
rope,triton,backward,speed_graph,ms,T,sequence length,1024,0.003898240029811859,0.0038950398564338686,0.003921279907226563,"{""model"": ""mixtral_8x22b"", ""num_attention_heads"": 48, ""num_key_value_heads"": 8, ""head_dim"": 128, ""dtype"": ""torch.bfloat16""}",NVIDIA B200,2026-08-21 00:13:50,0.8.2
rope,triton,backward,speed_graph,ms,T,sequence length,2048,0.0066431999206542965,0.006638079881668091,0.006664959788322449,"{""model"": ""mixtral_8x22b"", ""num_attention_heads"": 48, ""num_key_value_heads"": 8, ""head_dim"": 128, ""dtype"": ""torch.bfloat16""}",NVIDIA B200,2026-08-21 00:13:50,0.8.2
rope,triton,backward,speed_graph,ms,T,sequence length,4096,0.010811519622802735,0.01079807996749878,0.010820480585098267,"{""model"": ""mixtral_8x22b"", ""num_attention_heads"": 48, ""num_key_value_heads"": 8, ""head_dim"": 128, ""dtype"": ""torch.bfloat16""}",NVIDIA B200,2026-08-21 00:13:50,0.8.2
rope,triton,backward,speed_graph,ms,T,sequence length,8192,0.03729599952697754,0.037287681102752684,0.037333118915557864,"{""model"": ""mixtral_8x22b"", ""num_attention_heads"": 48, ""num_key_value_heads"": 8, ""head_dim"": 128, ""dtype"": ""torch.bfloat16""}",NVIDIA B200,2026-08-21 00:13:50,0.8.2
rope,cutile,backward,speed_graph,ms,T,sequence length,1024,0.014213759899139405,0.014201600551605225,0.014220800399780274,"{""model"": ""mixtral_8x22b"", ""num_attention_heads"": 48, ""num_key_value_heads"": 8, ""head_dim"": 128, ""dtype"": ""torch.bfloat16""}",NVIDIA B200,2026-08-21 00:13:50,0.8.2
rope,cutile,backward,speed_graph,ms,T,sequence length,2048,0.017786240577697753,0.01777600049972534,0.017813119888305664,"{""model"": ""mixtral_8x22b"", ""num_attention_heads"": 48, ""num_key_value_heads"": 8, ""head_dim"": 128, ""dtype"": ""torch.bfloat16""}",NVIDIA B200,2026-08-21 00:13:50,0.8.2
rope,cutile,backward,speed_graph,ms,T,sequence length,4096,0.04002431869506836,0.039989759922027586,0.04006015777587891,"{""model"": ""mixtral_8x22b"", ""num_attention_heads"": 48, ""num_key_value_heads"": 8, ""head_dim"": 128, ""dtype"": ""torch.bfloat16""}",NVIDIA B200,2026-08-21 00:13:50,0.8.2
rope,cutile,backward,speed_graph,ms,T,sequence length,8192,0.1268947219848633,0.12684608459472657,0.1269503974914551,"{""model"": ""mixtral_8x22b"", ""num_attention_heads"": 48, ""num_key_value_heads"": 8, ""head_dim"": 128, ""dtype"": ""torch.bfloat16""}",NVIDIA B200,2026-08-21 00:13:50,0.8.2
rope,cutedsl,backward,speed_graph,ms,T,sequence length,1024,0.004561919867992401,0.004554240107536316,0.0045875200629234315,"{""model"": ""mixtral_8x22b"", ""num_attention_heads"": 48, ""num_key_value_heads"": 8, ""head_dim"": 128, ""dtype"": ""torch.bfloat16""}",NVIDIA B200,2026-08-21 00:13:50,0.8.2
rope,cutedsl,backward,speed_graph,ms,T,sequence length,2048,0.007420160174369812,0.007413759827613831,0.007423999905586243,"{""model"": ""mixtral_8x22b"", ""num_attention_heads"": 48, ""num_key_value_heads"": 8, ""head_dim"": 128, ""dtype"": ""torch.bfloat16""}",NVIDIA B200,2026-08-21 00:13:50,0.8.2
rope,cutedsl,backward,speed_graph,ms,T,sequence length,4096,0.012042239904403687,0.0120307195186615,0.012065279483795165,"{""model"": ""mixtral_8x22b"", ""num_attention_heads"": 48, ""num_key_value_heads"": 8, ""head_dim"": 128, ""dtype"": ""torch.bfloat16""}",NVIDIA B200,2026-08-21 00:13:50,0.8.2
rope,cutedsl,backward,speed_graph,ms,T,sequence length,8192,0.036674559116363525,0.03664000034332275,0.03672319889068604,"{""model"": ""mixtral_8x22b"", ""num_attention_heads"": 48, ""num_key_value_heads"": 8, ""head_dim"": 128, ""dtype"": ""torch.bfloat16""}",NVIDIA B200,2026-08-21 00:13:50,0.8.2
rope,triton,full,speed_graph,ms,T,sequence length,1024,0.007797120213508606,0.007790719866752624,0.007820799946784973,"{""model"": ""mixtral_8x22b"", ""num_attention_heads"": 48, ""num_key_value_heads"": 8, ""head_dim"": 128, ""dtype"": ""torch.bfloat16""}",NVIDIA B200,2026-08-21 00:13:50,0.8.2
rope,triton,full,speed_graph,ms,T,sequence length,2048,0.012943999767303467,0.012917120456695557,0.012953599691390991,"{""model"": ""mixtral_8x22b"", ""num_attention_heads"": 48, ""num_key_value_heads"": 8, ""head_dim"": 128, ""dtype"": ""torch.bfloat16""}",NVIDIA B200,2026-08-21 00:13:50,0.8.2
rope,triton,full,speed_graph,ms,T,sequence length,4096,0.03977855920791626,0.03975167989730835,0.03981375932693482,"{""model"": ""mixtral_8x22b"", ""num_attention_heads"": 48, ""num_key_value_heads"": 8, ""head_dim"": 128, ""dtype"": ""torch.bfloat16""}",NVIDIA B200,2026-08-21 00:13:50,0.8.2
rope,triton,full,speed_graph,ms,T,sequence length,8192,0.07526847839355469,0.07525760173797608,0.07534207820892334,"{""model"": ""mixtral_8x22b"", ""num_attention_heads"": 48, ""num_key_value_heads"": 8, ""head_dim"": 128, ""dtype"": ""torch.bfloat16""}",NVIDIA B200,2026-08-21 00:13:50,0.8.2
rope,cutile,full,speed_graph,ms,T,sequence length,1024,0.028232319355010985,0.02822400093078613,0.0282694411277771,"{""model"": ""mixtral_8x22b"", ""num_attention_heads"": 48, ""num_key_value_heads"": 8, ""head_dim"": 128, ""dtype"": ""torch.bfloat16""}",NVIDIA B200,2026-08-21 00:13:51,0.8.2
rope,cutile,full,speed_graph,ms,T,sequence length,2048,0.03953216075897217,0.039496960639953616,0.039579520225524904,"{""model"": ""mixtral_8x22b"", ""num_attention_heads"": 48, ""num_key_value_heads"": 8, ""head_dim"": 128, ""dtype"": ""torch.bfloat16""}",NVIDIA B200,2026-08-21 00:13:51,0.8.2
rope,cutile,full,speed_graph,ms,T,sequence length,4096,0.13408703804016114,0.13405759811401366,0.13416511535644532,"{""model"": ""mixtral_8x22b"", ""num_attention_heads"": 48, ""num_key_value_heads"": 8, ""head_dim"": 128, ""dtype"": ""torch.bfloat16""}",NVIDIA B200,2026-08-21 00:13:51,0.8.2
rope,cutile,full,speed_graph,ms,T,sequence length,8192,0.25683839797973634,0.25679359436035154,0.2569024085998535,"{""model"": ""mixtral_8x22b"", ""num_attention_heads"": 48, ""num_key_value_heads"": 8, ""head_dim"": 128, ""dtype"": ""torch.bfloat16""}",NVIDIA B200,2026-08-21 00:13:51,0.8.2
rope,cutedsl,full,speed_graph,ms,T,sequence length,1024,0.009058560132980347,0.009052799940109253,0.009066879749298096,"{""model"": ""mixtral_8x22b"", ""num_attention_heads"": 48, ""num_key_value_heads"": 8, ""head_dim"": 128, ""dtype"": ""torch.bfloat16""}",NVIDIA B200,2026-08-21 00:13:51,0.8.2
rope,cutedsl,full,speed_graph,ms,T,sequence length,2048,0.01490623950958252,0.01486847996711731,0.014914560317993163,"{""model"": ""mixtral_8x22b"", ""num_attention_heads"": 48, ""num_key_value_heads"": 8, ""head_dim"": 128, ""dtype"": ""torch.bfloat16""}",NVIDIA B200,2026-08-21 00:13:51,0.8.2
rope,cutedsl,full,speed_graph,ms,T,sequence length,4096,0.0388972806930542,0.038853759765625,0.03893183946609497,"{""model"": ""mixtral_8x22b"", ""num_attention_heads"": 48, ""num_key_value_heads"": 8, ""head_dim"": 128, ""dtype"": ""torch.bfloat16""}",NVIDIA B200,2026-08-21 00:13:51,0.8.2
rope,cutedsl,full,speed_graph,ms,T,sequence length,8192,0.07395135879516601,0.07391039848327637,0.07400832176208497,"{""model"": ""mixtral_8x22b"", ""num_attention_heads"": 48, ""num_key_value_heads"": 8, ""head_dim"": 128, ""dtype"": ""torch.bfloat16""}",NVIDIA B200,2026-08-21 00:13:51,0.8.2
